pmid,publicationTitle,year,journal,publicationType,queryType,totalMinedTools,acceptedTools,rejectedTools,uncertainTools,missedTools,cellLines,animalModels,geneticReagents,antibodies,computationalTools,patientDerivedModels,advancedCellularModels,clinicalAssessmentTools,acceptedToolNames,newToolsDiscovered,observationsExtracted,topObservationTypes,sampleMetadata,sampleContext,hasMethodsSection,likelyContainsTools,majorIssues,doi
31527226,,,,Lab Research,,6,2,4,0,0,0,2,0,0,0,0,0,0,Nf1flox/mut;PostnCre+; C57BL/6,,0,,,,Unknown,True,,
41036607,,,,Lab Research,,0,0,0,0,0,0,0,0,0,0,0,0,0,,,0,,,,Unknown,True,,
41149489,,,,Lab Research,,0,0,0,0,0,0,0,0,0,0,0,0,0,,,0,,,,Unknown,True,,
41168866,,,,Review Article,,0,0,0,0,0,0,0,0,0,0,0,0,0,,,0,,,,Unknown,False,,
41294711,,,,Review Article,,0,0,0,0,0,0,0,0,0,0,0,0,0,,,0,,,,Unknown,True,,
41411243,,,,Bioinformatics Analysis,,0,0,0,0,0,0,0,0,0,0,0,0,0,,,0,,,,Unknown,True,,
41444363,,,,Lab Research,,0,0,0,0,0,0,0,0,0,0,0,0,0,,,0,,,,Unknown,True,,
41468561,,,,Clinical Study,,0,0,0,0,0,0,0,0,0,0,0,0,0,,,0,,,,Unknown,True,,
41496278,,,,Lab Research,,0,0,0,0,0,0,0,0,0,0,0,0,0,,,0,,,,Unknown,True,,
41545416,,,,Bioinformatics Analysis,,0,0,0,0,0,0,0,0,0,0,0,0,0,,,0,,,,Unknown,False,,
41564118,,,,Lab Research,,0,0,0,0,0,0,0,0,0,0,0,0,0,,,0,,,,Unknown,True,,
10591653,,,,Lab Research,,0,0,0,0,0,0,0,0,0,0,0,0,0,,,0,,,,Unknown,True,,
41591566,,,,Lab Research,,0,0,0,0,0,0,0,0,0,0,0,0,0,,,0,,,,Unknown,True,,
41598414,,,,Clinical Study,,0,0,0,0,0,0,0,0,0,0,0,0,0,,,0,,,,Unknown,True,,
41602242,,,,Clinical Study,,0,0,0,0,0,0,0,0,0,0,0,0,0,,,0,,,,Unknown,True,,
41616055,,,,Lab Research,,0,0,0,0,0,0,0,0,0,0,0,0,0,,,0,,,,Unknown,True,,
41680443,,,,Lab Research,,0,0,0,0,0,0,0,0,0,0,0,0,0,,,0,,,,Unknown,True,,
4327710,,,,Clinical Study,,0,0,0,0,0,0,0,0,0,0,0,0,0,,,0,,,,Unknown,False,,
4371739,,,,Review Article,,0,0,0,0,0,0,0,0,0,0,0,0,0,,,0,,,,Unknown,False,,
4604946,,,,Clinical Study,,0,0,0,0,0,0,0,0,0,0,0,0,0,,,0,,,,Unknown,False,,
4622580,,,,Review Article,,0,0,0,0,0,0,0,0,0,0,0,0,0,,,0,,,,Unknown,False,,
41582719,,,,Lab Research,,0,0,0,0,0,0,0,0,0,0,0,0,0,,,0,,,,Unknown,True,,
41023593,,,,Lab Research,,0,0,0,0,0,0,0,0,0,0,0,0,0,,,0,,,,Unknown,True,,
40025578,,,,Lab Research,,0,0,0,0,0,0,0,0,0,0,0,0,0,,,0,,,,Unknown,True,,
40529476,,,,Clinical Study,,0,0,0,0,0,0,0,0,0,0,0,0,0,,,0,,,,Unknown,True,,
40225167,,,,Lab Research,,0,0,0,0,0,0,0,0,0,0,0,0,0,,,0,,,,Unknown,True,,
40299482,,,,Clinical Study,,0,0,0,0,0,0,0,0,0,0,0,0,0,,,0,,,,Unknown,True,,
40304934,,,,Questionnaire/Survey Development,,0,0,0,0,0,0,0,0,0,0,0,0,0,,,0,,,,Unknown,True,,
40352015,,,,Bioinformatics Analysis,,0,0,0,0,0,0,0,0,0,0,0,0,0,,,0,,,,Unknown,True,,
40394150,,,,Lab Research,,0,0,0,0,0,0,0,0,0,0,0,0,0,,,0,,,,Unknown,True,,
40437318,,,,Clinical Study,,0,0,0,0,0,0,0,0,0,0,0,0,0,,,0,,,,Unknown,True,,
40460210,,,,Analytical Chemistry,,0,0,0,0,0,0,0,0,0,0,0,0,0,,,0,,,,Unknown,False,,
40507334,,,,Lab Research,,0,0,0,0,0,0,0,0,0,0,0,0,0,,,0,,,,Unknown,True,,
40587782,,,,Lab Research,,0,0,0,0,0,0,0,0,0,0,0,0,0,,,0,,,,Unknown,True,,
41022755,,,,Lab Research,,0,0,0,0,0,0,0,0,0,0,0,0,0,,,0,,,,Unknown,True,,
40590220,,,,Lab Research,,0,0,0,0,0,0,0,0,0,0,0,0,0,,,0,,,,Unknown,True,,
40737523,,,,Questionnaire/Survey Development,,0,0,0,0,0,0,0,0,0,0,0,0,0,,,0,,,,Unknown,True,,
40769067,,,,Bioinformatics Analysis,,0,0,0,0,0,0,0,0,0,0,0,0,0,,,0,,,,Unknown,True,,
40842873,,,,Clinical Study,,0,0,0,0,0,0,0,0,0,0,0,0,0,,,0,,,,Unknown,True,,
40862755,,,,Lab Research,,0,0,0,0,0,0,0,0,0,0,0,0,0,,,0,,,,Unknown,True,,
40887659,,,,Bioinformatics Analysis,,0,0,0,0,0,0,0,0,0,0,0,0,0,,,0,,,,Unknown,True,,
40896930,,,,Clinical Study,,0,0,0,0,0,0,0,0,0,0,0,0,0,,,0,,,,Unknown,True,,
41001593,,,,Lab Research,,0,0,0,0,0,0,0,0,0,0,0,0,0,,,0,,,,Unknown,True,,
5003511,,,,Clinical Study,,0,0,0,0,0,0,0,0,0,0,0,0,0,,,0,,,,Unknown,False,,
5282620,,,,Lab Research,,0,0,0,0,0,0,0,0,0,0,0,0,0,,,0,,,,Unknown,False,,
6093111,,,,Lab Research,,0,0,0,0,0,0,0,0,0,0,0,0,0,,,0,,,,Unknown,True,,
7959746,,,,Lab Research,,0,0,0,0,0,0,0,0,0,0,0,0,0,,,0,,,,Unknown,True,,
7706208,,,,Lab Research,,0,0,0,0,0,0,0,0,0,0,0,0,0,,,0,,,,Unknown,True,,
7717450,,,,Lab Research,,0,0,0,0,0,0,0,0,0,0,0,0,0,,,0,,,,Unknown,True,,
7818486,,,,Lab Research,,0,0,0,0,0,0,0,0,0,0,0,0,0,,,0,,,,Unknown,True,,
7903272,,,,Lab Research,,0,0,0,0,0,0,0,0,0,0,0,0,0,,,0,,,,Unknown,True,,
7911002,,,,Lab Research,,0,0,0,0,0,0,0,0,0,0,0,0,0,,,0,,,,Unknown,True,,
7947085,,,,Lab Research,,0,0,0,0,0,0,0,0,0,0,0,0,0,,,0,,,,Unknown,True,,
7947096,,,,Lab Research,,0,0,0,0,0,0,0,0,0,0,0,0,0,,,0,,,,Unknown,True,,
7949098,,,,Lab Research,,0,0,0,0,0,0,0,0,0,0,0,0,0,,,0,,,,Unknown,True,,
7977647,,,,Lab Research,,0,0,0,0,0,0,0,0,0,0,0,0,0,,,0,,,,Unknown,True,,
7686513,,,,Lab Research,,0,0,0,0,0,0,0,0,0,0,0,0,0,,,0,,,,Unknown,True,,
7985572,,,,Clinical Study,,0,0,0,0,0,0,0,0,0,0,0,0,0,,,0,,,,Unknown,True,,
7996175,,,,Lab Research,,0,0,0,0,0,0,0,0,0,0,0,0,0,,,0,,,,Unknown,True,,
803743,,,,Clinical Study,,0,0,0,0,0,0,0,0,0,0,0,0,0,,,0,,,,Unknown,False,,
8051082,,,,Lab Research,,0,0,0,0,0,0,0,0,0,0,0,0,0,,,0,,,,Unknown,True,,
8089100,,,,Lab Research,,0,0,0,0,0,0,0,0,0,0,0,0,0,,,0,,,,Unknown,True,,
8105688,,,,Bioinformatics Analysis,,0,0,0,0,0,0,0,0,0,0,0,0,0,,,0,,,,Unknown,False,,
8176268,,,,Lab Research,,0,0,0,0,0,0,0,0,0,0,0,0,0,,,0,,,,Unknown,True,,
8176761,,,,Lab Research,,0,0,0,0,0,0,0,0,0,0,0,0,0,,,0,,,,Unknown,True,,
7686619,,,,Lab Research,,0,0,0,0,0,0,0,0,0,0,0,0,0,,,0,,,,Unknown,True,,
7671302,,,,Lab Research,,0,0,0,0,0,0,0,0,0,0,0,0,0,,,0,,,,Unknown,True,,
6139138,,,,Clinical Study,,0,0,0,0,0,0,0,0,0,0,0,0,0,,,0,,,,Unknown,False,,
6523094,,,,Epidemiological Study,,0,0,0,0,0,0,0,0,0,0,0,0,0,,,0,,,,Unknown,False,,
6168641,,,,Clinical Study,,0,0,0,0,0,0,0,0,0,0,0,0,0,,,0,,,,Unknown,False,,
6203987,,,,Clinical Study,,0,0,0,0,0,0,0,0,0,0,0,0,0,,,0,,,,Unknown,True,,
6278936,,,,Lab Research,,0,0,0,0,0,0,0,0,0,0,0,0,0,,,0,,,,Unknown,True,,
6413007,,,,Review Article,,0,0,0,0,0,0,0,0,0,0,0,0,0,,,0,,,,Unknown,False,,
6417334,,,,Bioinformatics Analysis,,0,0,0,0,0,0,0,0,0,0,0,0,0,,,0,,,,Unknown,True,,
6432917,,,,Lab Research,,0,0,0,0,0,0,0,0,0,0,0,0,0,,,0,,,,Unknown,True,,
6451216,,,,Lab Research,,0,0,0,0,0,0,0,0,0,0,0,0,0,,,0,,,,Unknown,True,,
6490532,,,,Lab Research,,0,0,0,0,0,0,0,0,0,0,0,0,0,,,0,,,,Unknown,True,,
666085,,,,Lab Research,,0,0,0,0,0,0,0,0,0,0,0,0,0,,,0,,,,Unknown,False,,
7609078,,,,Lab Research,,0,0,0,0,0,0,0,0,0,0,0,0,0,,,0,,,,Unknown,True,,
6810767,,,,Epidemiological Study,,0,0,0,0,0,0,0,0,0,0,0,0,0,,,0,,,,Unknown,False,,
7426572,,,,Clinical Study,,0,0,0,0,0,0,0,0,0,0,0,0,0,,,0,,,,Unknown,False,,
7474134,,,,Lab Research,,0,0,0,0,0,0,0,0,0,0,0,0,0,,,0,,,,Unknown,True,,
7485397,,,,Lab Research,,0,0,0,0,0,0,0,0,0,0,0,0,0,,,0,,,,Unknown,True,,
7493911,,,,Lab Research,,0,0,0,0,0,0,0,0,0,0,0,0,0,,,0,,,,Unknown,True,,
7499408,,,,Lab Research,,0,0,0,0,0,0,0,0,0,0,0,0,0,,,0,,,,Unknown,True,,
7505343,,,,Lab Research,,0,0,0,0,0,0,0,0,0,0,0,0,0,,,0,,,,Unknown,True,,
7570581,,,,Lab Research,,0,0,0,0,0,0,0,0,0,0,0,0,0,,,0,,,,Unknown,True,,
40191916,,,,Bioinformatics Analysis,,0,0,0,0,0,0,0,0,0,0,0,0,0,,,0,,,,Unknown,True,,
39996452,,,,Lab Research,,0,0,0,0,0,0,0,0,0,0,0,0,0,,,0,,,,Unknown,True,,
8417346,,,,Lab Research,,0,0,0,0,0,0,0,0,0,0,0,0,0,,,0,,,,Unknown,True,,
36854987,,,,Review Article,,0,0,0,0,0,0,0,0,0,0,0,0,0,,,0,,,,Unknown,False,,
35511749,,,,Lab Research,,0,0,0,0,0,0,0,0,0,0,0,0,0,,,0,,,,Unknown,True,,
35723774,,,,Clinical Trial,,0,0,0,0,0,0,0,0,0,0,0,0,0,,,0,,,,Unknown,True,,
35735230,,,,Bioinformatics Analysis,,0,0,0,0,0,0,0,0,0,0,0,0,0,,,0,,,,Unknown,True,,
36127120,,,,Observational Study,,0,0,0,0,0,0,0,0,0,0,0,0,0,,,0,,,,Unknown,True,,
36241865,,,,Lab Research,,0,0,0,0,0,0,0,0,0,0,0,0,0,,,0,,,,Unknown,True,,
36420221,,,,Lab Research,,0,0,0,0,0,0,0,0,0,0,0,0,0,,,0,,,,Unknown,True,,
36604703,,,,Questionnaire/Survey Development,,0,0,0,0,0,0,0,0,0,0,0,0,0,,,0,,,,Unknown,True,,
36730269,,,,Lab Research,,0,0,0,0,0,0,0,0,0,0,0,0,0,,,0,,,,Unknown,True,,
36890585,,,,Lab Research,,0,0,0,0,0,0,0,0,0,0,0,0,0,,,0,,,,Unknown,True,,
34935315,,,,Lab Research,,0,0,0,0,0,0,0,0,0,0,0,0,0,,,0,,,,Unknown,True,,
36959711,,,,Review Article,,0,0,0,0,0,0,0,0,0,0,0,0,0,,,0,,,,Unknown,False,,
36976677,,,,Lab Research,,0,0,0,0,0,0,0,0,0,0,0,0,0,,,0,,,,Unknown,True,,
37164978,,,,Lab Research,,0,0,0,0,0,0,0,0,0,0,0,0,0,,,0,,,,Unknown,True,,
37246765,,,,Lab Research,,0,0,0,0,0,0,0,0,0,0,0,0,0,,,0,,,,Unknown,True,,
37276689,,,,Clinical Study,,0,0,0,0,0,0,0,0,0,0,0,0,0,,,0,,,,Unknown,True,,
37353850,,,,Questionnaire/Survey Development,,0,0,0,0,0,0,0,0,0,0,0,0,0,,,0,,,,Unknown,True,,
37378983,,,,Clinical Trial,,0,0,0,0,0,0,0,0,0,0,0,0,0,,,0,,,,Unknown,True,,
37440099,,,,Clinical Trial,,0,0,0,0,0,0,0,0,0,0,0,0,0,,,0,,,,Unknown,True,,
35332608,,,,Bioinformatics Analysis,,0,0,0,0,0,0,0,0,0,0,0,0,0,,,0,,,,Unknown,True,,
34782607,,,,Lab Research,,0,0,0,0,0,0,0,0,0,0,0,0,0,,,0,,,,Unknown,True,,
39966622,,,,Bioinformatics Analysis,,0,0,0,0,0,0,0,0,0,0,0,0,0,,,0,,,,Unknown,True,,
34230208,,,,Questionnaire/Survey Development,,0,0,0,0,0,0,0,0,0,0,0,0,0,,,0,,,,Unknown,True,,
34075397,,,,Lab Research,,0,0,0,0,0,0,0,0,0,0,0,0,0,,,0,,,,Unknown,True,,
34155781,,,,Clinical Trial,,0,0,0,0,0,0,0,0,0,0,0,0,0,,,0,,,,Unknown,True,,
34230196,,,,Clinical Study,,0,0,0,0,0,0,0,0,0,0,0,0,0,,,0,,,,Unknown,True,,
34230198,,,,Review Article,,0,0,0,0,0,0,0,0,0,0,0,0,0,,,0,,,,Unknown,True,,
34230200,,,,Observational Study,,0,0,0,0,0,0,0,0,0,0,0,0,0,,,0,,,,Unknown,False,,
34230203,,,,Clinical Study,,0,0,0,0,0,0,0,0,0,0,0,0,0,,,0,,,,Unknown,True,,
34230204,,,,Clinical Study,,0,0,0,0,0,0,0,0,0,0,0,0,0,,,0,,,,Unknown,True,,
34230205,,,,Clinical Study,,0,0,0,0,0,0,0,0,0,0,0,0,0,,,0,,,,Unknown,True,,
34257279,,,,Lab Research,,0,0,0,0,0,0,0,0,0,0,0,0,0,,,0,,,,Unknown,True,,
34664663,,,,Clinical Study,,0,0,0,0,0,0,0,0,0,0,0,0,0,,,0,,,,Unknown,True,,
34352618,,,,Lab Research,,0,0,0,0,0,0,0,0,0,0,0,0,0,,,0,,,,Unknown,True,,
34377779,,,,Clinical Trial,,0,0,0,0,0,0,0,0,0,0,0,0,0,,,0,,,,Unknown,True,,
34428430,,,,Lab Research,,0,0,0,0,0,0,0,0,0,0,0,0,0,,,0,,,,Unknown,True,,
34464388,,,,Bioinformatics Analysis,,0,0,0,0,0,0,0,0,0,0,0,0,0,,,0,,,,Unknown,True,,
34487172,,,,Bioinformatics Analysis,,0,0,0,0,0,0,0,0,0,0,0,0,0,,,0,,,,Unknown,True,,
34573290,,,,Bioinformatics Analysis,,0,0,0,0,0,0,0,0,0,0,0,0,0,,,0,,,,Unknown,True,,
34604751,,,,Clinical Study,,0,0,0,0,0,0,0,0,0,0,0,0,0,,,0,,,,Unknown,True,,
34630515,,,,Lab Research,,0,0,0,0,0,0,0,0,0,0,0,0,0,,,0,,,,Unknown,True,,
37446790,,,,Lab Research,,0,0,0,0,0,0,0,0,0,0,0,0,0,,,0,,,,Unknown,True,,
37520682,,,,Lab Research,,0,0,0,0,0,0,0,0,0,0,0,0,0,,,0,,,,Unknown,True,,
37608248,,,,Clinical Study,,0,0,0,0,0,0,0,0,0,0,0,0,0,,,0,,,,Unknown,True,,
39415595,,,,Lab Research,,0,0,0,0,0,0,0,0,0,0,0,0,0,,,0,,,,Unknown,True,,
38990917,,,,Clinical Study,,0,0,0,0,0,0,0,0,0,0,0,0,0,,,0,,,,Unknown,True,,
39016685,,,,Lab Research,,0,0,0,0,0,0,0,0,0,0,0,0,0,,,0,,,,Unknown,True,,
39061138,,,,Lab Research,,0,0,0,0,0,0,0,0,0,0,0,0,0,,,0,,,,Unknown,True,,
39106942,,,,Lab Research,,0,0,0,0,0,0,0,0,0,0,0,0,0,,,0,,,,Unknown,True,,
39110684,,,,Lab Research,,0,0,0,0,0,0,0,0,0,0,0,0,0,,,0,,,,Unknown,True,,
39225289,,,,Clinical Study,,0,0,0,0,0,0,0,0,0,0,0,0,0,,,0,,,,Unknown,True,,
39373898,,,,Bioinformatics Analysis,,0,0,0,0,0,0,0,0,0,0,0,0,0,,,0,,,,Unknown,True,,
39409151,,,,Lab Research,,0,0,0,0,0,0,0,0,0,0,0,0,0,,,0,,,,Unknown,True,,
39620202,,,,Lab Research,,0,0,0,0,0,0,0,0,0,0,0,0,0,,,0,,,,Unknown,True,,
37712888,,,,Lab Research,,0,0,0,0,0,0,0,0,0,0,0,0,0,,,0,,,,Unknown,True,,
39669605,,,,Clinical Study,,0,0,0,0,0,0,0,0,0,0,0,0,0,,,0,,,,Unknown,True,,
39824854,,,,Clinical Study,,0,0,0,0,0,0,0,0,0,0,0,0,0,,,0,,,,Unknown,True,,
39845289,,,,Bioinformatics Analysis,,0,0,0,0,0,0,0,0,0,0,0,0,0,,,0,,,,Unknown,True,,
39863790,,,,Bioinformatics Analysis,,0,0,0,0,0,0,0,0,0,0,0,0,0,,,0,,,,Unknown,True,,
39881370,,,,Bioinformatics Analysis,,0,0,0,0,0,0,0,0,0,0,0,0,0,,,0,,,,Unknown,True,,
39890807,,,,Lab Research,,0,0,0,0,0,0,0,0,0,0,0,0,0,,,0,,,,Unknown,True,,
39952425,,,,Lab Research,,0,0,0,0,0,0,0,0,0,0,0,0,0,,,0,,,,Unknown,True,,
39965929,,,,Lab Research,,0,0,0,0,0,0,0,0,0,0,0,0,0,,,0,,,,Unknown,True,,
38931352,,,,Lab Research,,0,0,0,0,0,0,0,0,0,0,0,0,0,,,0,,,,Unknown,True,,
38900740,,,,Lab Research,,0,0,0,0,0,0,0,0,0,0,0,0,0,,,0,,,,Unknown,True,,
38811427,,,,Questionnaire/Survey Development,,0,0,0,0,0,0,0,0,0,0,0,0,0,,,0,,,,Unknown,True,,
38603731,,,,Lab Research,,0,0,0,0,0,0,0,0,0,0,0,0,0,,,0,,,,Unknown,True,,
37770931,,,,Lab Research,,0,0,0,0,0,0,0,0,0,0,0,0,0,,,0,,,,Unknown,True,,
37817770,,,,Lab Research,,0,0,0,0,0,0,0,0,0,0,0,0,0,,,0,,,,Unknown,True,,
37990867,,,,Lab Research,,0,0,0,0,0,0,0,0,0,0,0,0,0,,,0,,,,Unknown,True,,
38008284,,,,Lab Research,,0,0,0,0,0,0,0,0,0,0,0,0,0,,,0,,,,Unknown,True,,
38115252,,,,Bioinformatics Analysis,,0,0,0,0,0,0,0,0,0,0,0,0,0,,,0,,,,Unknown,True,,
38127282,,,,Lab Research,,0,0,0,0,0,0,0,0,0,0,0,0,0,,,0,,,,Unknown,True,,
38136356,,,,Bioinformatics Analysis,,0,0,0,0,0,0,0,0,0,0,0,0,0,,,0,,,,Unknown,True,,
38140900,,,,Clinical Study,,0,0,0,0,0,0,0,0,0,0,0,0,0,,,0,,,,Unknown,True,,
38170419,,,,Questionnaire/Survey Development,,0,0,0,0,0,0,0,0,0,0,0,0,0,,,0,,,,Unknown,True,,
38173515,,,,Bioinformatics Analysis,,0,0,0,0,0,0,0,0,0,0,0,0,0,,,0,,,,Unknown,True,,
38201517,,,,Lab Research,,0,0,0,0,0,0,0,0,0,0,0,0,0,,,0,,,,Unknown,True,,
38203448,,,,Lab Research,,0,0,0,0,0,0,0,0,0,0,0,0,0,,,0,,,,Unknown,True,,
38216123,,,,Lab Research,,0,0,0,0,0,0,0,0,0,0,0,0,0,,,0,,,,Unknown,True,,
38321701,,,,Questionnaire/Survey Development,,0,0,0,0,0,0,0,0,0,0,0,0,0,,,0,,,,Unknown,True,,
38387803,,,,Lab Research,,0,0,0,0,0,0,0,0,0,0,0,0,0,,,0,,,,Unknown,True,,
38481529,,,,Lab Research,,0,0,0,0,0,0,0,0,0,0,0,0,0,,,0,,,,Unknown,True,,
38499890,,,,Questionnaire/Survey Development,,0,0,0,0,0,0,0,0,0,0,0,0,0,,,0,,,,Unknown,True,,
8320697,,,,Lab Research,,0,0,0,0,0,0,0,0,0,0,0,0,0,,,0,,,,Unknown,True,,
8544190,,,,Lab Research,,0,0,0,0,0,0,0,0,0,0,0,0,0,,,0,,,,Unknown,True,,
10705390,,,,Lab Research,,0,0,0,0,0,0,0,0,0,0,0,0,0,,,0,,,,Unknown,True,,
35740680,,,,Lab Research,,0,0,0,0,0,0,0,0,0,0,0,0,0,,,0,,,,Unknown,True,,
33992469,,,,Lab Research,,0,0,0,0,0,0,0,0,0,0,0,0,0,,,0,,,,Unknown,True,,
34515792,,,,Review Article,,0,0,0,0,0,0,0,0,0,0,0,0,0,,,0,,,,Unknown,False,,
35066574,,,,Review Article,,0,0,0,0,0,0,0,0,0,0,0,0,0,,,0,,,,Unknown,False,,
35087195,,,,Lab Research,,0,0,0,0,0,0,0,0,0,0,0,0,0,,,0,,,,Unknown,True,,
35244537,,,,Lab Research,,0,0,0,0,0,0,0,0,0,0,0,0,0,,,0,,,,Unknown,True,,
35614131,,,,Lab Research,,0,0,0,0,0,0,0,0,0,0,0,0,0,,,0,,,,Unknown,True,,
35648241,,,,Clinical Study,,0,0,0,0,0,0,0,0,0,0,0,0,0,,,0,,,,Unknown,True,,
35673329,,,,Clinical Study,,0,0,0,0,0,0,0,0,0,0,0,0,0,,,0,,,,Unknown,True,,
35789380,,,,Lab Research,,0,0,0,0,0,0,0,0,0,0,0,0,0,,,0,,,,Unknown,True,,
33591953,,,,Lab Research,,0,0,0,0,0,0,0,0,0,0,0,0,0,,,0,,,,Unknown,True,,
35945463,,,,Lab Research,,0,0,0,0,0,0,0,0,0,0,0,0,0,,,0,,,,Unknown,True,,
36322658,,,,Lab Research,,0,0,0,0,0,0,0,0,0,0,0,0,0,,,0,,,,Unknown,True,,
36332985,,,,Observational Study,,0,0,0,0,0,0,0,0,0,0,0,0,0,,,0,,,,Unknown,True,,
36565307,,,,Epidemiological Study,,0,0,0,0,0,0,0,0,0,0,0,0,0,,,0,,,,Unknown,True,,
36689660,,,,Lab Research,,0,0,0,0,0,0,0,0,0,0,0,0,0,,,0,,,,Unknown,True,,
36799629,,,,Lab Research,,0,0,0,0,0,0,0,0,0,0,0,0,0,,,0,,,,Unknown,True,,
37269078,,,,Observational Study,,0,0,0,0,0,0,0,0,0,0,0,0,0,,,0,,,,Unknown,False,,
37331503,,,,Lab Research,,0,0,0,0,0,0,0,0,0,0,0,0,0,,,0,,,,Unknown,True,,
33658640,,,,Lab Research,,0,0,0,0,0,0,0,0,0,0,0,0,0,,,0,,,,Unknown,True,,
32882803,,,,Review Article,,0,0,0,0,0,0,0,0,0,0,0,0,0,,,0,,,,Unknown,False,,
38502231,,,,Lab Research,,0,0,0,0,0,0,0,0,0,0,0,0,0,,,0,,,,Unknown,True,,
37410426,,,,Lab Research,,0,0,0,0,0,0,0,0,0,0,0,0,0,,,0,,,,Unknown,True,,
36796745,,,,Lab Research,,0,0,0,0,0,0,0,0,0,0,0,0,0,,,0,,,,Unknown,True,,
34415582,,,,Lab Research,,0,0,0,0,0,0,0,0,0,0,0,0,0,,,0,,,,Unknown,True,,
32396062,,,,Lab Research,,0,0,0,0,0,0,0,0,0,0,0,0,0,,,0,,,,Unknown,True,,
38086517,,,,Clinical Trial,,0,0,0,0,0,0,0,0,0,0,0,0,0,,,0,,,,Unknown,True,,
37949359,,,,Lab Research,,0,0,0,0,0,0,0,0,0,0,0,0,0,,,0,,,,Unknown,True,,
38175707,,,,Lab Research,,0,0,0,0,0,0,0,0,0,0,0,0,0,,,0,,,,Unknown,True,,
38216587,,,,Lab Research,,0,0,0,0,0,0,0,0,0,0,0,0,0,,,0,,,,Unknown,True,,
38216572,,,,Lab Research,,0,0,0,0,0,0,0,0,0,0,0,0,0,,,0,,,,Unknown,True,,
38000020,,,,Lab Research,,0,0,0,0,0,0,0,0,0,0,0,0,0,,,0,,,,Unknown,True,,
31416081,,,,Review Article,,0,0,0,0,0,0,0,0,0,0,0,0,0,,,0,,,,Unknown,False,,
37616542,,,,Lab Research,,0,0,0,0,0,0,0,0,0,0,0,0,0,,,0,,,,Unknown,True,,
27043043,,,,Review Article,,0,0,0,0,0,0,0,0,0,0,0,0,0,,,0,,,,Unknown,False,,
28587872,,,,Clinical Study,,0,0,0,0,0,0,0,0,0,0,0,0,0,,,0,,,,Unknown,True,,
28993414,,,,Review Article,,0,0,0,0,0,0,0,0,0,0,0,0,0,,,0,,,,Unknown,False,,
29667529,,,,Review Article,,0,0,0,0,0,0,0,0,0,0,0,0,0,,,0,,,,Unknown,False,,
30542122,,,,Lab Research,,0,0,0,0,0,0,0,0,0,0,0,0,0,,,0,,,,Unknown,True,,
30542164,,,,Lab Research,,0,0,0,0,0,0,0,0,0,0,0,0,0,,,0,,,,Unknown,True,,
30728335,,,,Lab Research,,0,0,0,0,0,0,0,0,0,0,0,0,0,,,0,,,,Unknown,True,,
37406085,,,,Lab Research,,0,0,0,0,0,0,0,0,0,0,0,0,0,,,0,,,,Unknown,True,,
32187457,,,,Clinical Trial,,0,0,0,0,0,0,0,0,0,0,0,0,0,,,0,,,,Unknown,True,,
8582272,,,,Lab Research,,0,0,0,0,0,0,0,0,0,0,0,0,0,,,0,,,,Unknown,True,,
35467749,,,,Clinical Trial,,0,0,0,0,0,0,0,0,0,0,0,0,0,,,0,,,,Unknown,True,,
37149083,,,,Clinical Study,,0,0,0,0,0,0,0,0,0,0,0,0,0,,,0,,,,Unknown,True,,
37330718,,,,Review Article,,0,0,0,0,0,0,0,0,0,0,0,0,0,,,0,,,,Unknown,False,,
29438698,,,,Lab Research,,0,0,0,0,0,0,0,0,0,0,0,0,0,,,0,,,,Unknown,True,,
39321200,,,,Lab Research,,0,0,0,0,0,0,0,0,0,0,0,0,0,,,0,,,,Unknown,True,,
39858077,,,,Clinical Study,,0,0,0,0,0,0,0,0,0,0,0,0,0,,,0,,,,Unknown,True,,
39129390,,,,Lab Research,,0,0,0,0,0,0,0,0,0,0,0,0,0,,,0,,,,Unknown,True,,
29695767,,,,Review Article,,0,0,0,0,0,0,0,0,0,0,0,0,0,,,0,,,,Unknown,False,,
37248386,,,,Clinical Study,,0,0,0,0,0,0,0,0,0,0,0,0,0,,,0,,,,Unknown,True,,
39472976,,,,Lab Research,,0,0,0,0,0,0,0,0,0,0,0,0,0,,,0,,,,Unknown,True,,
37937606,,,,Qualitative Research Study,,0,0,0,0,0,0,0,0,0,0,0,0,0,,,0,,,,Unknown,True,,
38714355,,,,Lab Research,,0,0,0,0,0,0,0,0,0,0,0,0,0,,,0,,,,Unknown,True,,
38829109,,,,Lab Research,,0,0,0,0,0,0,0,0,0,0,0,0,0,,,0,,,,Unknown,True,,
35118381,,,,Lab Research,,0,0,0,0,0,0,0,0,0,0,0,0,0,,,0,,,,Unknown,True,,
syn30283982,,,,Lab Research,,0,0,0,0,0,0,0,0,0,0,0,0,0,,,0,,,,Unknown,True,,
40063513,,,,Bioinformatics Analysis,,0,0,0,0,0,0,0,0,0,0,0,0,0,,,0,,,,Unknown,True,,
40684195,,,,Lab Research,,0,0,0,0,0,0,0,0,0,0,0,0,0,,,0,,,,Unknown,True,,
40723243,,,,Lab Research,,0,0,0,0,0,0,0,0,0,0,0,0,0,,,0,,,,Unknown,True,,
23099891,,,,Lab Research,,0,0,0,0,0,0,0,0,0,0,0,0,0,,,0,,,,Unknown,True,,
38554791,,,,Review Article,,0,0,0,0,0,0,0,0,0,0,0,0,0,,,0,,,,Unknown,False,,
39093127,,,,Lab Research,,0,0,0,0,0,0,0,0,0,0,0,0,0,,,0,,,,Unknown,True,,
29987130,,,,Clinical Study,,0,0,0,0,0,0,0,0,0,0,0,0,0,,,0,,,,Unknown,True,,
38945076,,,,Lab Research,,0,0,0,0,0,0,0,0,0,0,0,0,0,,,0,,,,Unknown,True,,
37318402,,,,Review Article,,0,0,0,0,0,0,0,0,0,0,0,0,0,,,0,,,,Unknown,False,,
37140985,,,,Lab Research,,0,0,0,0,0,0,0,0,0,0,0,0,0,,,0,,,,Unknown,True,,
37115514,,,,Clinical Trial,,0,0,0,0,0,0,0,0,0,0,0,0,0,,,0,,,,Unknown,True,,
37681415,,,,Lab Research,,0,0,0,0,0,0,0,0,0,0,0,0,0,,,0,,,,Unknown,True,,
37174087,,,,Clinical Trial,,0,0,0,0,0,0,0,0,0,0,0,0,0,,,0,,,,Unknown,True,,
38475852,,,,Clinical Trial,,0,0,0,0,0,0,0,0,0,0,0,0,0,,,0,,,,Unknown,True,,
39315661,,,,Epidemiological Study,,0,0,0,0,0,0,0,0,0,0,0,0,0,,,0,,,,Unknown,False,,
39196570,,,,Observational Study,,0,0,0,0,0,0,0,0,0,0,0,0,0,,,0,,,,Unknown,True,,
39023130,,,,Lab Research,,0,0,0,0,0,0,0,0,0,0,0,0,0,,,0,,,,Unknown,True,,
39269317,,,,Lab Research,,0,0,0,0,0,0,0,0,0,0,0,0,0,,,0,,,,Unknown,True,,
37328102,,,,Lab Research,,0,0,0,0,0,0,0,0,0,0,0,0,0,,,0,,,,Unknown,True,,
36445254,,,,Bioinformatics Analysis,,0,0,0,0,0,0,0,0,0,0,0,0,0,,,0,,,,Unknown,True,,
38907342,,,,Lab Research,,0,0,0,0,0,0,0,0,0,0,0,0,0,,,0,,,,Unknown,True,,
38744290,,,,Lab Research,,0,0,0,0,0,0,0,0,0,0,0,0,0,,,0,,,,Unknown,True,,
39210910,,,,Clinical Study,,0,0,0,0,0,0,0,0,0,0,0,0,0,,,0,,,,Unknown,True,,
38621478,,,,Observational Study,,0,0,0,0,0,0,0,0,0,0,0,0,0,,,0,,,,Unknown,True,,
39366539,,,,Review Article,,0,0,0,0,0,0,0,0,0,0,0,0,0,,,0,,,,Unknown,False,,
39665502,,,,Clinical Study,,0,0,0,0,0,0,0,0,0,0,0,0,0,,,0,,,,Unknown,True,,
36806881,,,,Lab Research,,0,0,0,0,0,0,0,0,0,0,0,0,0,,,0,,,,Unknown,True,,
34694046,,,,Lab Research,,0,0,0,0,0,0,0,0,0,0,0,0,0,,,0,,,,Unknown,True,,
35945271,,,,Lab Research,,0,0,0,0,0,0,0,0,0,0,0,0,0,,,0,,,,Unknown,True,,
31081992,,,,Clinical Study,,0,0,0,0,0,0,0,0,0,0,0,0,0,,,0,,,,Unknown,True,,
31091306,,,,Lab Research,,0,0,0,0,0,0,0,0,0,0,0,0,0,,,0,,,,Unknown,True,,
30796033,,,,Lab Research,,0,0,0,0,0,0,0,0,0,0,0,0,0,,,0,,,,Unknown,True,,
30479396,,,,Lab Research,,0,0,0,0,0,0,0,0,0,0,0,0,0,,,0,,,,Unknown,True,,
29596064,,,,Lab Research,,0,0,0,0,0,0,0,0,0,0,0,0,0,,,0,,,,Unknown,True,,
29200117,,,,Clinical Study,,0,0,0,0,0,0,0,0,0,0,0,0,0,,,0,,,,Unknown,True,,
28465357,,,,Lab Research,,0,0,0,0,0,0,0,0,0,0,0,0,0,,,0,,,,Unknown,True,,
31474359,,,,Review Article,,0,0,0,0,0,0,0,0,0,0,0,0,0,,,0,,,,Unknown,False,,
32847704,,,,Clinical Study,,0,0,0,0,0,0,0,0,0,0,0,0,0,,,0,,,,Unknown,True,,
29273891,,,,Clinical Study,,0,0,0,0,0,0,0,0,0,0,0,0,0,,,0,,,,Unknown,True,,
30800298,,,,Observational Study,,0,0,0,0,0,0,0,0,0,0,0,0,0,,,0,,,,Unknown,False,,
30465317,,,,Clinical Study,,0,0,0,0,0,0,0,0,0,0,0,0,0,,,0,,,,Unknown,True,,
32642734,,,,Lab Research,,0,0,0,0,0,0,0,0,0,0,0,0,0,,,0,,,,Unknown,True,,
33507559,,,,Review Article,,0,0,0,0,0,0,0,0,0,0,0,0,0,,,0,,,,Unknown,True,,
33461953,,,,Lab Research,,0,0,0,0,0,0,0,0,0,0,0,0,0,,,0,,,,Unknown,Yes,,
32642741,,,,Lab Research,,0,0,0,0,0,0,0,0,0,0,0,0,0,,,0,,,,Unknown,True,,
32599735,,,,Review Article,,0,0,0,0,0,0,0,0,0,0,0,0,0,,,0,,,,Unknown,False,,
32572180,,,,Epidemiological Study,,0,0,0,0,0,0,0,0,0,0,0,0,0,,,0,,,,Unknown,True,,
32439933,,,,Review Article,,0,0,0,0,0,0,0,0,0,0,0,0,0,,,0,,,,Unknown,False,,
32353955,,,,Review Article,,0,0,0,0,0,0,0,0,0,0,0,0,0,,,0,,,,Unknown,True,,
30348676,,,,Lab Research,,0,0,0,0,0,0,0,0,0,0,0,0,0,,,0,,,,Unknown,True,,
36316421,,,,Clinical Study,,0,0,0,0,0,0,0,0,0,0,0,0,0,,,0,,,,Unknown,True,,
26423696,,,,Review Article,,0,0,0,0,0,0,0,0,0,0,0,0,0,,,0,,,,Unknown,False,,
8659521,,,,Lab Research,,0,0,0,0,0,0,0,0,0,0,0,0,0,,,0,,,,Unknown,True,,
9001241,,,,Lab Research,,0,0,0,0,0,0,0,0,0,0,0,0,0,,,0,,,,Unknown,True,,
9222967,,,,Bioinformatics Analysis,,0,0,0,0,0,0,0,0,0,0,0,0,0,,,0,,,,Unknown,False,,
9458162,,,,Lab Research,,0,0,0,0,0,0,0,0,0,0,0,0,0,,,0,,,,Unknown,True,,
28078640,,,,Questionnaire/Survey Development,,0,0,0,0,0,0,0,0,0,0,0,0,0,,,0,,,,Unknown,True,,
28198162,,,,Questionnaire/Survey Development,,0,0,0,0,0,0,0,0,0,0,0,0,0,,,0,,,,Unknown,True,,
29415745,,,,Observational Study,,0,0,0,0,0,0,0,0,0,0,0,0,0,,,0,,,,Unknown,False,,
28066715,,,,Review Article,,0,0,0,0,0,0,0,0,0,0,0,0,0,,,0,,,,Unknown,False,,
27666129,,,,Questionnaire/Survey Development,,0,0,0,0,0,0,0,0,0,0,0,0,0,,,0,,,,Unknown,False,,
30915713,,,,Review Article,,0,0,0,0,0,0,0,0,0,0,0,0,0,,,0,,,,Unknown,False,,
26941216,,,,Questionnaire/Survey Development,,0,0,0,0,0,0,0,0,0,0,0,0,0,,,0,,,,Unknown,True,,
30298332,,,,Clinical Study,,0,0,0,0,0,0,0,0,0,0,0,0,0,,,0,,,,Unknown,True,,
30413310,,,,Clinical Study,,0,0,0,0,0,0,0,0,0,0,0,0,0,,,0,,,,Unknown,True,,
29570943,,,,Clinical Study,,0,0,0,0,0,0,0,0,0,0,0,0,0,,,0,,,,Unknown,True,,
29720369,,,,Lab Research,,0,0,0,0,0,0,0,0,0,0,0,0,0,,,0,,,,Unknown,True,,
29774626,,,,Clinical Study,,0,0,0,0,0,0,0,0,0,0,0,0,0,,,0,,,,Unknown,False,,
30531922,,,,Lab Research,,0,0,0,0,0,0,0,0,0,0,0,0,0,,,0,,,,Unknown,True,,
28775147,,,,Lab Research,,0,0,0,0,0,0,0,0,0,0,0,0,0,,,0,,,,Unknown,True,,
32383545,,,,Lab Research,,0,0,0,0,0,0,0,0,0,0,0,0,0,,,0,,,,Unknown,True,,
32369930,,,,Lab Research,,0,0,0,0,0,0,0,0,0,0,0,0,0,,,0,,,,Unknown,True,,
32152628,,,,Clinical Study,,0,0,0,0,0,0,0,0,0,0,0,0,0,,,0,,,,Unknown,False,,
34230197,,,,Clinical Study,,0,0,0,0,0,0,0,0,0,0,0,0,0,,,0,,,,Unknown,True,,
31462295,,,,Lab Research,,0,0,0,0,0,0,0,0,0,0,0,0,0,,,0,,,,Unknown,True,,
30197878,,,,Review Article,,0,0,0,0,0,0,0,0,0,0,0,0,0,,,0,,,,Unknown,False,,
32320652,,,,Lab Research,,0,0,0,0,0,0,0,0,0,0,0,0,0,,,0,,,,Unknown,True,,
32088262,,,,Lab Research,,0,0,0,0,0,0,0,0,0,0,0,0,0,,,0,,,,Unknown,True,,
32766157,,,,Review Article,,0,0,0,0,0,0,0,0,0,0,0,0,0,,,0,,,,Unknown,False,,
33369425,,,,Bioinformatics Analysis,,0,0,0,0,0,0,0,0,0,0,0,0,0,,,0,,,,Unknown,True,,
34242740,,,,Lab Research,,0,0,0,0,0,0,0,0,0,0,0,0,0,,,0,,,,Unknown,True,,
34395726,,,,Other,,0,0,0,0,0,0,0,0,0,0,0,0,0,,,0,,,,Unknown,True,,
30258882,,,,Review Article,,0,0,0,0,0,0,0,0,0,0,0,0,0,,,0,,,,Unknown,False,,
33585982,,,,Lab Research,,0,0,0,0,0,0,0,0,0,0,0,0,0,,,0,,,,Unknown,True,,
29796169,,,,Lab Research,,0,0,0,0,0,0,0,0,0,0,0,0,0,,,0,,,,Unknown,True,,
29596596,,,,Lab Research,,0,0,0,0,0,0,0,0,0,0,0,0,0,,,0,,,,Unknown,True,,
32642731,,,,Review Article,,0,0,0,0,0,0,0,0,0,0,0,0,0,,,0,,,,Unknown,False,,
34647023,,,,Lab Research,,0,0,0,0,0,0,0,0,0,0,0,0,0,,,0,,,,Unknown,True,,
35589737,,,,Lab Research,,0,0,0,0,0,0,0,0,0,0,0,0,0,,,0,,,,Unknown,True,,
36148553,,,,Lab Research,,0,0,0,0,0,0,0,0,0,0,0,0,0,,,0,,,,Unknown,True,,
34930951,,,,Lab Research,,0,0,0,0,0,0,0,0,0,0,0,0,0,,,0,,,,Unknown,True,,
35393544,,,,Review Article,,0,0,0,0,0,0,0,0,0,0,0,0,0,,,0,,,,Unknown,False,,
34646065,,,,Clinical Study,,0,0,0,0,0,0,0,0,0,0,0,0,0,,,0,,,,Unknown,True,,
29621614,,,,Review Article,,0,0,0,0,0,0,0,0,0,0,0,0,0,,,0,,,,Unknown,False,,
34230202,,,,Questionnaire/Survey Development,,0,0,0,0,0,0,0,0,0,0,0,0,0,,,0,,,,Unknown,True,,
29987133,,,,Clinical Study,,0,0,0,0,0,0,0,0,0,0,0,0,0,,,0,,,,Unknown,True,,
33519543,,,,Clinical Study,,0,0,0,0,0,0,0,0,0,0,0,0,0,,,0,,,,Unknown,True,,
33669386,,,,Review Article,,0,0,0,0,0,0,0,0,0,0,0,0,0,,,0,,,,Unknown,False,,
33816648,,,,Lab Research,,0,0,0,0,0,0,0,0,0,0,0,0,0,,,0,,,,Unknown,True,,
34237737,,,,Lab Research,,0,0,0,0,0,0,0,0,0,0,0,0,0,,,0,,,,Unknown,True,,
34106871,,,,Bioinformatics Analysis,,0,0,0,0,0,0,0,0,0,0,0,0,0,,,0,,,,Unknown,True,,
34065204,,,,Lab Research,,0,0,0,0,0,0,0,0,0,0,0,0,0,,,0,,,,Unknown,True,,
33978635,,,,Lab Research,,0,0,0,0,0,0,0,0,0,0,0,0,0,,,0,,,,Unknown,True,,
33946854,,,,Review Article,,0,0,0,0,0,0,0,0,0,0,0,0,0,,,0,,,,Unknown,False,,
33934112,,,,Lab Research,,0,0,0,0,0,0,0,0,0,0,0,0,0,,,0,,,,Unknown,True,,
29219400,,,,Lab Research,,0,0,0,0,0,0,0,0,0,0,0,0,0,,,0,,,,Unknown,True,,
34604833,,,,Review Article,,0,0,0,0,0,0,0,0,0,0,0,0,0,,,0,,,,Unknown,False,,
34345017,,,,Review Article,,0,0,0,0,0,0,0,0,0,0,0,0,0,,,0,,,,Unknown,False,,
32642736,,,,Review Article,,0,0,0,0,0,0,0,0,0,0,0,0,0,,,0,,,,Unknown,False,,
32642729,,,,Review Article,,0,0,0,0,0,0,0,0,0,0,0,0,0,,,0,,,,Unknown,False,,
31038470,,,,Clinical Study,,0,0,0,0,0,0,0,0,0,0,0,0,0,,,0,,,,Unknown,True,,
29987131,,,,Review Article,,0,0,0,0,0,0,0,0,0,0,0,0,0,,,0,,,,Unknown,False,,
29987129,,,,Review Article,,0,0,0,0,0,0,0,0,0,0,0,0,0,,,0,,,,Unknown,False,,
34049498,,,,Clinical Study,,0,0,0,0,0,0,0,0,0,0,0,0,0,,,0,,,,Unknown,True,,
34043012,,,,Lab Research,,0,0,0,0,0,0,0,0,0,0,0,0,0,,,0,,,,Unknown,True,,
34040258,,,,Lab Research,,0,0,0,0,0,0,0,0,0,0,0,0,0,,,0,,,,Unknown,True,,
22384355,,,,Bioinformatics Analysis,,0,0,0,0,0,0,0,0,0,0,0,0,0,,,0,,,,Unknown,True,,
21697395,,,,Lab Research,,0,0,0,0,0,0,0,0,0,0,0,0,0,,,0,,,,Unknown,True,,
21726432,,,,Lab Research,,0,0,0,0,0,0,0,0,0,0,0,0,0,,,0,,,,Unknown,True,,
21855613,,,,Review Article,,0,0,0,0,0,0,0,0,0,0,0,0,0,,,0,,,,Unknown,False,,
21949590,,,,Lab Research,,0,0,0,0,0,0,0,0,0,0,0,0,0,,,0,,,,Unknown,True,,
21963267,,,,Clinical Study,,0,0,0,0,0,0,0,0,0,0,0,0,0,,,0,,,,Unknown,True,,
21963652,,,,Lab Research,,0,0,0,0,0,0,0,0,0,0,0,0,0,,,0,,,,Unknown,True,,
21980365,,,,Lab Research,,0,0,0,0,0,0,0,0,0,0,0,0,0,,,0,,,,Unknown,True,,
22108604,,,,Lab Research,,0,0,0,0,0,0,0,0,0,0,0,0,0,,,0,,,,Unknown,True,,
22550514,,,,Review Article,,0,0,0,0,0,0,0,0,0,0,0,0,0,,,0,,,,Unknown,True,,
21551250,,,,Lab Research,,0,0,0,0,0,0,0,0,0,0,0,0,0,,,0,,,,Unknown,True,,
22811580,,,,Lab Research,,0,0,0,0,0,0,0,0,0,0,0,0,0,,,0,,,,Unknown,True,,
22821737,,,,Review Article,,0,0,0,0,0,0,0,0,0,0,0,0,0,,,0,,,,Unknown,False,,
22901811,,,,Lab Research,,0,0,0,0,0,0,0,0,0,0,0,0,0,,,0,,,,Unknown,True,,
22942771,,,,Lab Research,,0,0,0,0,0,0,0,0,0,0,0,0,0,,,0,,,,Unknown,True,,
22961690,,,,Clinical Trial,,0,0,0,0,0,0,0,0,0,0,0,0,0,,,0,,,,Unknown,True,,
23071067,,,,Lab Research,,0,0,0,0,0,0,0,0,0,0,0,0,0,,,0,,,,Unknown,True,,
23124644,,,,Clinical Study,,0,0,0,0,0,0,0,0,0,0,0,0,0,,,0,,,,Unknown,True,,
23140466,,,,Lab Research,,0,0,0,0,0,0,0,0,0,0,0,0,0,,,0,,,,Unknown,True,,
21681782,,,,Lab Research,,0,0,0,0,0,0,0,0,0,0,0,0,0,,,0,,,,Unknown,True,,
21478499,,,,Lab Research,,0,0,0,0,0,0,0,0,0,0,0,0,0,,,0,,,,Unknown,True,,
23221337,,,,Lab Research,,0,0,0,0,0,0,0,0,0,0,0,0,0,,,0,,,,Unknown,True,,
20739432,,,,Lab Research,,0,0,0,0,0,0,0,0,0,0,0,0,0,,,0,,,,Unknown,True,,
20176786,,,,Lab Research,,0,0,0,0,0,0,0,0,0,0,0,0,0,,,0,,,,Unknown,True,,
20195187,,,,Lab Research,,0,0,0,0,0,0,0,0,0,0,0,0,0,,,0,,,,Unknown,True,,
20200958,,,,Lab Research,,0,0,0,0,0,0,0,0,0,0,0,0,0,,,0,,,,Unknown,True,,
20428190,,,,Clinical Study,,0,0,0,0,0,0,0,0,0,0,0,0,0,,,0,,,,Unknown,True,,
20551058,,,,Lab Research,,0,0,0,0,0,0,0,0,0,0,0,0,0,,,0,,,,Unknown,True,,
20554030,,,,Lab Research,,0,0,0,0,0,0,0,0,0,0,0,0,0,,,0,,,,Unknown,True,,
20624961,,,,Lab Research,,0,0,0,0,0,0,0,0,0,0,0,0,0,,,0,,,,Unknown,True,,
20668197,,,,Lab Research,,0,0,0,0,0,0,0,0,0,0,0,0,0,,,0,,,,Unknown,True,,
20826448,,,,Lab Research,,0,0,0,0,0,0,0,0,0,0,0,0,0,,,0,,,,Unknown,True,,
21460792,,,,Lab Research,,0,0,0,0,0,0,0,0,0,0,0,0,0,,,0,,,,Unknown,True,,
20858602,,,,Lab Research,,0,0,0,0,0,0,0,0,0,0,0,0,0,,,0,,,,Unknown,True,,
21072183,,,,Lab Research,,0,0,0,0,0,0,0,0,0,0,0,0,0,,,0,,,,Unknown,True,,
21111000,,,,Lab Research,,0,0,0,0,0,0,0,0,0,0,0,0,0,,,0,,,,Unknown,True,,
21157378,,,,Lab Research,,0,0,0,0,0,0,0,0,0,0,0,0,0,,,0,,,,Unknown,True,,
21199799,,,,Lab Research,,0,0,0,0,0,0,0,0,0,0,0,0,0,,,0,,,,Unknown,True,,
21216928,,,,Lab Research,,0,0,0,0,0,0,0,0,0,0,0,0,0,,,0,,,,Unknown,True,,
21352477,,,,Lab Research,,0,0,0,0,0,0,0,0,0,0,0,0,0,,,0,,,,Unknown,True,,
21439418,,,,Lab Research,,0,0,0,0,0,0,0,0,0,0,0,0,0,,,0,,,,Unknown,True,,
23175151,,,,Lab Research,,0,0,0,0,0,0,0,0,0,0,0,0,0,,,0,,,,Unknown,True,,
23225063,,,,Lab Research,,0,0,0,0,0,0,0,0,0,0,0,0,0,,,0,,,,Unknown,True,,
24848258,,,,Lab Research,,0,0,0,0,0,0,0,0,0,0,0,0,0,,,0,,,,Unknown,True,,
24681606,,,,Lab Research,,0,0,0,0,0,0,0,0,0,0,0,0,0,,,0,,,,Unknown,True,,
24506781,,,,Review Article,,0,0,0,0,0,0,0,0,0,0,0,0,0,,,0,,,,Unknown,False,,
24509877,,,,Lab Research,,0,0,0,0,0,0,0,0,0,0,0,0,0,,,0,,,,Unknown,True,,
24558021,,,,Lab Research,,0,0,0,0,0,0,0,0,0,0,0,0,0,,,0,,,,Unknown,True,,
24559228,,,,Clinical Study,,0,0,0,0,0,0,0,0,0,0,0,0,0,,,0,,,,Unknown,True,,
2456020,,,,Lab Research,,0,0,0,0,0,0,0,0,0,0,0,0,0,,,0,,,,Unknown,True,,
24595234,,,,Lab Research,,0,0,0,0,0,0,0,0,0,0,0,0,0,,,0,,,,Unknown,True,,
24619350,,,,Clinical Study,,0,0,0,0,0,0,0,0,0,0,0,0,0,,,0,,,,Unknown,True,,
24676424,,,,Bioinformatics Analysis,,0,0,0,0,0,0,0,0,0,0,0,0,0,,,0,,,,Unknown,True,,
24686726,,,,Lab Research,,0,0,0,0,0,0,0,0,0,0,0,0,0,,,0,,,,Unknown,True,,
24500418,,,,Clinical Trial,,0,0,0,0,0,0,0,0,0,0,0,0,0,,,0,,,,Unknown,True,,
24711647,,,,Lab Research,,0,0,0,0,0,0,0,0,0,0,0,0,0,,,0,,,,Unknown,True,,
24719295,,,,Lab Research,,0,0,0,0,0,0,0,0,0,0,0,0,0,,,0,,,,Unknown,True,,
24726726,,,,Review Article,,0,0,0,0,0,0,0,0,0,0,0,0,0,,,0,,,,Unknown,False,,
24753394,,,,Clinical Trial,,0,0,0,0,0,0,0,0,0,0,0,0,0,,,0,,,,Unknown,True,,
24786638,,,,Lab Research,,0,0,0,0,0,0,0,0,0,0,0,0,0,,,0,,,,Unknown,True,,
24815379,,,,Review Article,,0,0,0,0,0,0,0,0,0,0,0,0,0,,,0,,,,Unknown,False,,
24817309,,,,Lab Research,,0,0,0,0,0,0,0,0,0,0,0,0,0,,,0,,,,Unknown,True,,
24824755,,,,Lab Research,,0,0,0,0,0,0,0,0,0,0,0,0,0,,,0,,,,Unknown,True,,
24503545,,,,Lab Research,,0,0,0,0,0,0,0,0,0,0,0,0,0,,,0,,,,Unknown,True,,
24470552,,,,Lab Research,,0,0,0,0,0,0,0,0,0,0,0,0,0,,,0,,,,Unknown,True,,
23239959,,,,Lab Research,,0,0,0,0,0,0,0,0,0,0,0,0,0,,,0,,,,Unknown,True,,
24040940,,,,Lab Research,,0,0,0,0,0,0,0,0,0,0,0,0,0,,,0,,,,Unknown,True,,
23328114,,,,Lab Research,,0,0,0,0,0,0,0,0,0,0,0,0,0,,,0,,,,Unknown,True,,
23356716,,,,Lab Research,,0,0,0,0,0,0,0,0,0,0,0,0,0,,,0,,,,Unknown,True,,
23358504,,,,Lab Research,,0,0,0,0,0,0,0,0,0,0,0,0,0,,,0,,,,Unknown,True,,
23432799,,,,Questionnaire/Survey Development,,0,0,0,0,0,0,0,0,0,0,0,0,0,,,0,,,,Unknown,True,,
23457304,,,,Lab Research,,0,0,0,0,0,0,0,0,0,0,0,0,0,,,0,,,,Unknown,True,,
23535903,,,,Lab Research,,0,0,0,0,0,0,0,0,0,0,0,0,0,,,0,,,,Unknown,True,,
23685747,,,,Lab Research,,0,0,0,0,0,0,0,0,0,0,0,0,0,,,0,,,,Unknown,True,,
23960073,,,,Lab Research,,0,0,0,0,0,0,0,0,0,0,0,0,0,,,0,,,,Unknown,True,,
24249801,,,,Review Article,,0,0,0,0,0,0,0,0,0,0,0,0,0,,,0,,,,Unknown,False,,
24465906,,,,Lab Research,,0,0,0,0,0,0,0,0,0,0,0,0,0,,,0,,,,Unknown,True,,
24249802,,,,Clinical Study,,0,0,0,0,0,0,0,0,0,0,0,0,0,,,0,,,,Unknown,True,,
24249804,,,,Clinical Guidelines/Consensus Statement,,0,0,0,0,0,0,0,0,0,0,0,0,0,,,0,,,,Unknown,False,,
24249806,,,,Clinical Study,,0,0,0,0,0,0,0,0,0,0,0,0,0,,,0,,,,Unknown,True,,
24336571,,,,Lab Research,,0,0,0,0,0,0,0,0,0,0,0,0,0,,,0,,,,Unknown,True,,
24371224,,,,Lab Research,,0,0,0,0,0,0,0,0,0,0,0,0,0,,,0,,,,Unknown,True,,
24375753,,,,Lab Research,,0,0,0,0,0,0,0,0,0,0,0,0,0,,,0,,,,Unknown,True,,
24386979,,,,Lab Research,,0,0,0,0,0,0,0,0,0,0,0,0,0,,,0,,,,Unknown,True,,
24414536,,,,Lab Research,,0,0,0,0,0,0,0,0,0,0,0,0,0,,,0,,,,Unknown,True,,
20049725,,,,Lab Research,,0,0,0,0,0,0,0,0,0,0,0,0,0,,,0,,,,Unknown,True,,
19966217,,,,Lab Research,,0,0,0,0,0,0,0,0,0,0,0,0,0,,,0,,,,Unknown,True,,
19846776,,,,Lab Research,,0,0,0,0,0,0,0,0,0,0,0,0,0,,,0,,,,Unknown,True,,
17581973,,,,Lab Research,,0,0,0,0,0,0,0,0,0,0,0,0,0,,,0,,,,Unknown,True,,
16314489,,,,Lab Research,,0,0,0,0,0,0,0,0,0,0,0,0,0,,,0,,,,Unknown,True,,
1639394,,,,Lab Research,,0,0,0,0,0,0,0,0,0,0,0,0,0,,,0,,,,Unknown,True,,
16524466,,,,Lab Research,,0,0,0,0,0,0,0,0,0,0,0,0,0,,,0,,,,Unknown,True,,
16835260,,,,Lab Research,,0,0,0,0,0,0,0,0,0,0,0,0,0,,,0,,,,Unknown,True,,
16906226,,,,Lab Research,,0,0,0,0,0,0,0,0,0,0,0,0,0,,,0,,,,Unknown,True,,
17053831,,,,Lab Research,,0,0,0,0,0,0,0,0,0,0,0,0,0,,,0,,,,Unknown,True,,
17090653,,,,Lab Research,,0,0,0,0,0,0,0,0,0,0,0,0,0,,,0,,,,Unknown,True,,
17216419,,,,Lab Research,,0,0,0,0,0,0,0,0,0,0,0,0,0,,,0,,,,Unknown,True,,
17924978,,,,Lab Research,,0,0,0,0,0,0,0,0,0,0,0,0,0,,,0,,,,Unknown,True,,
16093333,,,,Lab Research,,0,0,0,0,0,0,0,0,0,0,0,0,0,,,0,,,,Unknown,True,,
18055911,,,,Lab Research,,0,0,0,0,0,0,0,0,0,0,0,0,0,,,0,,,,Unknown,True,,
18188004,,,,Lab Research,,0,0,0,0,0,0,0,0,0,0,0,0,0,,,0,,,,Unknown,True,,
18218617,,,,Clinical Study,,0,0,0,0,0,0,0,0,0,0,0,0,0,,,0,,,,Unknown,True,,
18242512,,,,Lab Research,,0,0,0,0,0,0,0,0,0,0,0,0,0,,,0,,,,Unknown,True,,
18242513,,,,Lab Research,,0,0,0,0,0,0,0,0,0,0,0,0,0,,,0,,,,Unknown,True,,
18272679,,,,Lab Research,,0,0,0,0,0,0,0,0,0,0,0,0,0,,,0,,,,Unknown,True,,
18328429,,,,Lab Research,,0,0,0,0,0,0,0,0,0,0,0,0,0,,,0,,,,Unknown,True,,
18367665,,,,Lab Research,,0,0,0,0,0,0,0,0,0,0,0,0,0,,,0,,,,Unknown,True,,
16226708,,,,Lab Research,,0,0,0,0,0,0,0,0,0,0,0,0,0,,,0,,,,Unknown,True,,
1605307,,,,Lab Research,,0,0,0,0,0,0,0,0,0,0,0,0,0,,,0,,,,Unknown,True,,
19710506,,,,Lab Research,,0,0,0,0,0,0,0,0,0,0,0,0,0,,,0,,,,Unknown,True,,
1427886,,,,Lab Research,,0,0,0,0,0,0,0,0,0,0,0,0,0,,,0,,,,Unknown,True,,
10887156,,,,Lab Research,,0,0,0,0,0,0,0,0,0,0,0,0,0,,,0,,,,Unknown,True,,
11080503,,,,Lab Research,,0,0,0,0,0,0,0,0,0,0,0,0,0,,,0,,,,Unknown,True,,
11404331,,,,Lab Research,,0,0,0,0,0,0,0,0,0,0,0,0,0,,,0,,,,Unknown,True,,
11433044,,,,Bioinformatics Analysis,,0,0,0,0,0,0,0,0,0,0,0,0,0,,,0,,,,Unknown,True,,
11756419,,,,Lab Research,,0,0,0,0,0,0,0,0,0,0,0,0,0,,,0,,,,Unknown,True,,
12057013,,,,Lab Research,,0,0,0,0,0,0,0,0,0,0,0,0,0,,,0,,,,Unknown,True,,
12082543,,,,Review Article,,0,0,0,0,0,0,0,0,0,0,0,0,0,,,0,,,,Unknown,False,,
12095621,,,,Lab Research,,0,0,0,0,0,0,0,0,0,0,0,0,0,,,0,,,,Unknown,True,,
14681409,,,,Database/Resource Description,,0,0,0,0,0,0,0,0,0,0,0,0,0,,,0,,,,Unknown,True,,
1587809,,,,Lab Research,,0,0,0,0,0,0,0,0,0,0,0,0,0,,,0,,,,Unknown,True,,
1519665,,,,Lab Research,,0,0,0,0,0,0,0,0,0,0,0,0,0,,,0,,,,Unknown,True,,
15206577,,,,Lab Research,,0,0,0,0,0,0,0,0,0,0,0,0,0,,,0,,,,Unknown,True,,
15240917,,,,Lab Research,,0,0,0,0,0,0,0,0,0,0,0,0,0,,,0,,,,Unknown,True,,
15255999,,,,Lab Research,,0,0,0,0,0,0,0,0,0,0,0,0,0,,,0,,,,Unknown,True,,
15446585,,,,Lab Research,,0,0,0,0,0,0,0,0,0,0,0,0,0,,,0,,,,Unknown,True,,
15570216,,,,Lab Research,,0,0,0,0,0,0,0,0,0,0,0,0,0,,,0,,,,Unknown,True,,
15623944,,,,Lab Research,,0,0,0,0,0,0,0,0,0,0,0,0,0,,,0,,,,Unknown,True,,
15681480,,,,Lab Research,,0,0,0,0,0,0,0,0,0,0,0,0,0,,,0,,,,Unknown,True,,
18371380,,,,Lab Research,,0,0,0,0,0,0,0,0,0,0,0,0,0,,,0,,,,Unknown,True,,
18413802,,,,Lab Research,,0,0,0,0,0,0,0,0,0,0,0,0,0,,,0,,,,Unknown,True,,
18442999,,,,Lab Research,,0,0,0,0,0,0,0,0,0,0,0,0,0,,,0,,,,Unknown,True,,
19292874,,,,Lab Research,,0,0,0,0,0,0,0,0,0,0,0,0,0,,,0,,,,Unknown,True,,
19016857,,,,Lab Research,,0,0,0,0,0,0,0,0,0,0,0,0,0,,,0,,,,Unknown,True,,
19041782,,,,Lab Research,,0,0,0,0,0,0,0,0,0,0,0,0,0,,,0,,,,Unknown,True,,
19103750,,,,Lab Research,,0,0,0,0,0,0,0,0,0,0,0,0,0,,,0,,,,Unknown,True,,
19144871,,,,Lab Research,,0,0,0,0,0,0,0,0,0,0,0,0,0,,,0,,,,Unknown,True,,
1915269,,,,Lab Research,,0,0,0,0,0,0,0,0,0,0,0,0,0,,,0,,,,Unknown,True,,
19191334,,,,Lab Research,,0,0,0,0,0,0,0,0,0,0,0,0,0,,,0,,,,Unknown,True,,
19262146,,,,Lab Research,,0,0,0,0,0,0,0,0,0,0,0,0,0,,,0,,,,Unknown,True,,
19282654,,,,Lab Research,,0,0,0,0,0,0,0,0,0,0,0,0,0,,,0,,,,Unknown,True,,
19306381,,,,Lab Research,,0,0,0,0,0,0,0,0,0,0,0,0,0,,,0,,,,Unknown,True,,
18445079,,,,Lab Research,,0,0,0,0,0,0,0,0,0,0,0,0,0,,,0,,,,Unknown,True,,
19333415,,,,Review Article,,0,0,0,0,0,0,0,0,0,0,0,0,0,,,0,,,,Unknown,False,,
19414599,,,,Lab Research,,0,0,0,0,0,0,0,0,0,0,0,0,0,,,0,,,,Unknown,True,,
19427284,,,,Review Article,,0,0,0,0,0,0,0,0,0,0,0,0,0,,,0,,,,Unknown,False,,
19427294,,,,Lab Research,,0,0,0,0,0,0,0,0,0,0,0,0,0,,,0,,,,Unknown,True,,
19430883,,,,Clinical Study,,0,0,0,0,0,0,0,0,0,0,0,0,0,,,0,,,,Unknown,True,,
19434310,,,,Lab Research,,0,0,0,0,0,0,0,0,0,0,0,0,0,,,0,,,,Unknown,True,,
19451225,,,,Lab Research,,0,0,0,0,0,0,0,0,0,0,0,0,0,,,0,,,,Unknown,True,,
1946460,,,,Lab Research,,0,0,0,0,0,0,0,0,0,0,0,0,0,,,0,,,,Unknown,True,,
18988803,,,,Lab Research,,0,0,0,0,0,0,0,0,0,0,0,0,0,,,0,,,,Unknown,True,,
18984165,,,,Lab Research,,0,0,0,0,0,0,0,0,0,0,0,0,0,,,0,,,,Unknown,True,,
18984156,,,,Lab Research,,0,0,0,0,0,0,0,0,0,0,0,0,0,,,0,,,,Unknown,True,,
18974932,,,,Observational Study,,0,0,0,0,0,0,0,0,0,0,0,0,0,,,0,,,,Unknown,False,,
18451155,,,,Lab Research,,0,0,0,0,0,0,0,0,0,0,0,0,0,,,0,,,,Unknown,True,,
18483311,,,,Lab Research,,0,0,0,0,0,0,0,0,0,0,0,0,0,,,0,,,,Unknown,True,,
18503770,,,,Lab Research,,0,0,0,0,0,0,0,0,0,0,0,0,0,,,0,,,,Unknown,True,,
18614544,,,,Lab Research,,0,0,0,0,0,0,0,0,0,0,0,0,0,,,0,,,,Unknown,True,,
18632543,,,,Clinical Trial,,0,0,0,0,0,0,0,0,0,0,0,0,0,,,0,,,,Unknown,True,,
18632626,,,,Lab Research,,0,0,0,0,0,0,0,0,0,0,0,0,0,,,0,,,,Unknown,True,,
18636037,,,,Lab Research,,0,0,0,0,0,0,0,0,0,0,0,0,0,,,0,,,,Unknown,True,,
18670322,,,,Lab Research,,0,0,0,0,0,0,0,0,0,0,0,0,0,,,0,,,,Unknown,True,,
18671844,,,,Lab Research,,0,0,0,0,0,0,0,0,0,0,0,0,0,,,0,,,,Unknown,True,,
18768391,,,,Lab Research,,0,0,0,0,0,0,0,0,0,0,0,0,0,,,0,,,,Unknown,True,,
18769552,,,,Lab Research,,0,0,0,0,0,0,0,0,0,0,0,0,0,,,0,,,,Unknown,True,,
18800150,,,,Lab Research,,0,0,0,0,0,0,0,0,0,0,0,0,0,,,0,,,,Unknown,True,,
18923024,,,,Lab Research,,0,0,0,0,0,0,0,0,0,0,0,0,0,,,0,,,,Unknown,True,,
18927496,,,,Lab Research,,0,0,0,0,0,0,0,0,0,0,0,0,0,,,0,,,,Unknown,True,,
18931645,,,,Lab Research,,0,0,0,0,0,0,0,0,0,0,0,0,0,,,0,,,,Unknown,True,,
18953429,,,,Lab Research,,0,0,0,0,0,0,0,0,0,0,0,0,0,,,0,,,,Unknown,True,,
18953430,,,,Lab Research,,0,0,0,0,0,0,0,0,0,0,0,0,0,,,0,,,,Unknown,True,,
24832557,,,,Lab Research,,0,0,0,0,0,0,0,0,0,0,0,0,0,,,0,,,,Unknown,True,,
24882693,,,,Lab Research,,0,0,0,0,0,0,0,0,0,0,0,0,0,,,0,,,,Unknown,True,,
34011935,,,,Lab Research,,0,0,0,0,0,0,0,0,0,0,0,0,0,,,0,,,,Unknown,True,,
31053133,,,,Questionnaire/Survey Development,,0,0,0,0,0,0,0,0,0,0,0,0,0,,,0,,,,Unknown,True,,
30381327,,,,Lab Research,,0,0,0,0,0,0,0,0,0,0,0,0,0,,,0,,,,Unknown,True,,
30615146,,,,Lab Research,,0,0,0,0,0,0,0,0,0,0,0,0,0,,,0,,,,Unknown,True,,
30617350,,,,Lab Research,,0,0,0,0,0,0,0,0,0,0,0,0,0,,,0,,,,Unknown,True,,
30713041,,,,Lab Research,,0,0,0,0,0,0,0,0,0,0,0,0,0,,,0,,,,Unknown,True,,
30984524,,,,Lab Research,,0,0,0,0,0,0,0,0,0,0,0,0,0,,,0,,,,Unknown,True,,
31015291,,,,Lab Research,,0,0,0,0,0,0,0,0,0,0,0,0,0,,,0,,,,Unknown,True,,
3102622,,,,Lab Research,,0,0,0,0,0,0,0,0,0,0,0,0,0,,,0,,,,Unknown,True,,
31033921,,,,Clinical Study,,0,0,0,0,0,0,0,0,0,0,0,0,0,,,0,,,,Unknown,True,,
3118033,,,,Lab Research,,0,0,0,0,0,0,0,0,0,0,0,0,0,,,0,,,,Unknown,True,,
30274821,,,,Lab Research,,0,0,0,0,0,0,0,0,0,0,0,0,0,,,0,,,,Unknown,True,,
3118034,,,,Lab Research,,0,0,0,0,0,0,0,0,0,0,0,0,0,,,0,,,,Unknown,False,,
3118035,,,,Bioinformatics Analysis,,0,0,0,0,0,0,0,0,0,0,0,0,0,,,0,,,,Unknown,True,,
31545171,,,,Lab Research,,0,0,0,0,0,0,0,0,0,0,0,0,0,,,0,,,,Unknown,True,,
31558455,,,,Clinical Study,,0,0,0,0,0,0,0,0,0,0,0,0,0,,,0,,,,Unknown,True,,
31836666,,,,Lab Research,,0,0,0,0,0,0,0,0,0,0,0,0,0,,,0,,,,Unknown,True,,
31836719,,,,Other,,0,0,0,0,0,0,0,0,0,0,0,0,0,,,0,,,,Unknown,False,,
32107864,,,,Clinical Study,,0,0,0,0,0,0,0,0,0,0,0,0,0,,,0,,,,Unknown,True,,
32193437,,,,Lab Research,,0,0,0,0,0,0,0,0,0,0,0,0,0,,,0,,,,Unknown,True,,
30274822,,,,Bioinformatics Analysis,,0,0,0,0,0,0,0,0,0,0,0,0,0,,,0,,,,Unknown,True,,
30271432,,,,Clinical Study,,0,0,0,0,0,0,0,0,0,0,0,0,0,,,0,,,,Unknown,True,,
32352002,,,,Review Article,,0,0,0,0,0,0,0,0,0,0,0,0,0,,,0,,,,Unknown,False,,
29715273,,,,Lab Research,,0,0,0,0,0,0,0,0,0,0,0,0,0,,,0,,,,Unknown,True,,
29409008,,,,Bioinformatics Analysis,,0,0,0,0,0,0,0,0,0,0,0,0,0,,,0,,,,Unknown,True,,
29440379,,,,Lab Research,,0,0,0,0,0,0,0,0,0,0,0,0,0,,,0,,,,Unknown,True,,
29566645,,,,Clinical Study,,0,0,0,0,0,0,0,0,0,0,0,0,0,,,0,,,,Unknown,True,,
29590612,,,,Lab Research,,0,0,0,0,0,0,0,0,0,0,0,0,0,,,0,,,,Unknown,True,,
29662612,,,,Lab Research,,0,0,0,0,0,0,0,0,0,0,0,0,0,,,0,,,,Unknown,True,,
29670214,,,,Lab Research,,0,0,0,0,0,0,0,0,0,0,0,0,0,,,0,,,,Unknown,True,,
29704429,,,,Review Article,,0,0,0,0,0,0,0,0,0,0,0,0,0,,,0,,,,Unknown,True,,
29712669,,,,Lab Research,,0,0,0,0,0,0,0,0,0,0,0,0,0,,,0,,,,Unknown,True,,
29787563,,,,Lab Research,,0,0,0,0,0,0,0,0,0,0,0,0,0,,,0,,,,Unknown,True,,
30192842,,,,Bioinformatics Analysis,,0,0,0,0,0,0,0,0,0,0,0,0,0,,,0,,,,Unknown,True,,
29847659,,,,Lab Research,,0,0,0,0,0,0,0,0,0,0,0,0,0,,,0,,,,Unknown,True,,
29897904,,,,Lab Research,,0,0,0,0,0,0,0,0,0,0,0,0,0,,,0,,,,Unknown,True,,
29925695,,,,Lab Research,,0,0,0,0,0,0,0,0,0,0,0,0,0,,,0,,,,Unknown,True,,
29941005,,,,Lab Research,,0,0,0,0,0,0,0,0,0,0,0,0,0,,,0,,,,Unknown,True,,
29958847,,,,Bioinformatics Analysis,,0,0,0,0,0,0,0,0,0,0,0,0,0,,,0,,,,Unknown,True,,
29982664,,,,Lab Research,,0,0,0,0,0,0,0,0,0,0,0,0,0,,,0,,,,Unknown,True,,
30055648,,,,Lab Research,,0,0,0,0,0,0,0,0,0,0,0,0,0,,,0,,,,Unknown,True,,
30179114,,,,Clinical Study,,0,0,0,0,0,0,0,0,0,0,0,0,0,,,0,,,,Unknown,True,,
32252413,,,,Study Design/Protocol,,0,0,0,0,0,0,0,0,0,0,0,0,0,,,0,,,,Unknown,True,,
32406525,,,,Clinical Study,,0,0,0,0,0,0,0,0,0,0,0,0,0,,,0,,,,Unknown,True,,
24912773,,,,Lab Research,,0,0,0,0,0,0,0,0,0,0,0,0,0,,,0,,,,Unknown,True,,
33507822,,,,Clinical Trial,,0,0,0,0,0,0,0,0,0,0,0,0,0,,,0,,,,Unknown,True,,
33273014,,,,Lab Research,,0,0,0,0,0,0,0,0,0,0,0,0,0,,,0,,,,Unknown,True,,
33279959,,,,Lab Research,,0,0,0,0,0,0,0,0,0,0,0,0,0,,,0,,,,Unknown,True,,
33356508,,,,Lab Research,,0,0,0,0,0,0,0,0,0,0,0,0,0,,,0,,,,Unknown,True,,
33413690,,,,Lab Research,,0,0,0,0,0,0,0,0,0,0,0,0,0,,,0,,,,Unknown,True,,
33436083,,,,Lab Research,,0,0,0,0,0,0,0,0,0,0,0,0,0,,,0,,,,Unknown,True,,
33442015,,,,Clinical Trial,,0,0,0,0,0,0,0,0,0,0,0,0,0,,,0,,,,Unknown,True,,
33484105,,,,Lab Research,,0,0,0,0,0,0,0,0,0,0,0,0,0,,,0,,,,Unknown,True,,
33507258,,,,Bioinformatics Analysis,,0,0,0,0,0,0,0,0,0,0,0,0,0,,,0,,,,Unknown,True,,
33574490,,,,Lab Research,,0,0,0,0,0,0,0,0,0,0,0,0,0,,,0,,,,Unknown,True,,
33160273,,,,Lab Research,,0,0,0,0,0,0,0,0,0,0,0,0,0,,,0,,,,Unknown,True,,
33625502,,,,Clinical Trial,,0,0,0,0,0,0,0,0,0,0,0,0,0,,,0,,,,Unknown,True,,
33673681,,,,Lab Research,,0,0,0,0,0,0,0,0,0,0,0,0,0,,,0,,,,Unknown,True,,
33767727,,,,Clinical Study,,0,0,0,0,0,0,0,0,0,0,0,0,0,,,0,,,,Unknown,True,,
33817379,,,,Clinical Trial,,0,0,0,0,0,0,0,0,0,0,0,0,0,,,0,,,,Unknown,True,,
33948356,,,,Lab Research,,0,0,0,0,0,0,0,0,0,0,0,0,0,,,0,,,,Unknown,True,,
33963966,,,,Clinical Study,,0,0,0,0,0,0,0,0,0,0,0,0,0,,,0,,,,Unknown,True,,
33972401,,,,Lab Research,,0,0,0,0,0,0,0,0,0,0,0,0,0,,,0,,,,Unknown,True,,
34010628,,,,Lab Research,,0,0,0,0,0,0,0,0,0,0,0,0,0,,,0,,,,Unknown,Yes,,
33197677,,,,Clinical Trial,,0,0,0,0,0,0,0,0,0,0,0,0,0,,,0,,,,Unknown,True,,
33085177,,,,Questionnaire/Survey Development,,0,0,0,0,0,0,0,0,0,0,0,0,0,,,0,,,,Unknown,True,,
32408052,,,,Review Article,,0,0,0,0,0,0,0,0,0,0,0,0,0,,,0,,,,Unknown,False,,
32642739,,,,Review Article,,0,0,0,0,0,0,0,0,0,0,0,0,0,,,0,,,,Unknown,False,,
32419643,,,,Lab Research,,0,0,0,0,0,0,0,0,0,0,0,0,0,,,0,,,,Unknown,True,,
32438526,,,,Lab Research,,0,0,0,0,0,0,0,0,0,0,0,0,0,,,0,,,,Unknown,True,,
32438819,,,,Lab Research,,0,0,0,0,0,0,0,0,0,0,0,0,0,,,0,,,,Unknown,True,,
32457840,,,,Lab Research,,0,0,0,0,0,0,0,0,0,0,0,0,0,,,0,,,,Unknown,True,,
32461556,,,,Lab Research,,0,0,0,0,0,0,0,0,0,0,0,0,0,,,0,,,,Unknown,True,,
32471868,,,,Lab Research,,0,0,0,0,0,0,0,0,0,0,0,0,0,,,0,,,,Unknown,True,,
32642733,,,,Lab Research,,0,0,0,0,0,0,0,0,0,0,0,0,0,,,0,,,,Unknown,True,,
32642737,,,,Observational Study,,0,0,0,0,0,0,0,0,0,0,0,0,0,,,0,,,,Unknown,True,,
32642740,,,,Clinical Study,,0,0,0,0,0,0,0,0,0,0,0,0,0,,,0,,,,Unknown,True,,
33080011,,,,Lab Research,,0,0,0,0,0,0,0,0,0,0,0,0,0,,,0,,,,Unknown,True,,
32733557,,,,Bioinformatics Analysis,,0,0,0,0,0,0,0,0,0,0,0,0,0,,,0,,,,Unknown,True,,
32781282,,,,Lab Research,,0,0,0,0,0,0,0,0,0,0,0,0,0,,,0,,,,Unknown,True,,
3280697,,,,Lab Research,,0,0,0,0,0,0,0,0,0,0,0,0,0,,,0,,,,Unknown,True,,
32839340,,,,Lab Research,,0,0,0,0,0,0,0,0,0,0,0,0,0,,,0,,,,Unknown,True,,
32869517,,,,Bioinformatics Analysis,,0,0,0,0,0,0,0,0,0,0,0,0,0,,,0,,,,Unknown,True,,
32948135,,,,Lab Research,,0,0,0,0,0,0,0,0,0,0,0,0,0,,,0,,,,Unknown,True,,
33032988,,,,Lab Research,,0,0,0,0,0,0,0,0,0,0,0,0,0,,,0,,,,Unknown,True,,
33078583,,,,Lab Research,,0,0,0,0,0,0,0,0,0,0,0,0,0,,,0,,,,Unknown,True,,
29408605,,,,Lab Research,,0,0,0,0,0,0,0,0,0,0,0,0,0,,,0,,,,Unknown,True,,
29402968,,,,Lab Research,,0,0,0,0,0,0,0,0,0,0,0,0,0,,,0,,,,Unknown,True,,
29351992,,,,Lab Research,,0,0,0,0,0,0,0,0,0,0,0,0,0,,,0,,,,Unknown,True,,
25433207,,,,Lab Research,,0,0,0,0,0,0,0,0,0,0,0,0,0,,,0,,,,Unknown,True,,
25113746,,,,Lab Research,,0,0,0,0,0,0,0,0,0,0,0,0,0,,,0,,,,Unknown,True,,
25246427,,,,Lab Research,,0,0,0,0,0,0,0,0,0,0,0,0,0,,,0,,,,Unknown,True,,
25325900,,,,Bioinformatics Analysis,,0,0,0,0,0,0,0,0,0,0,0,0,0,,,0,,,,Unknown,True,,
25329635,,,,Lab Research,,0,0,0,0,0,0,0,0,0,0,0,0,0,,,0,,,,Unknown,True,,
25336744,,,,Lab Research,,0,0,0,0,0,0,0,0,0,0,0,0,0,,,0,,,,Unknown,True,,
25340526,,,,Lab Research,,0,0,0,0,0,0,0,0,0,0,0,0,0,,,0,,,,Unknown,True,,
25360213,,,,Lab Research,,0,0,0,0,0,0,0,0,0,0,0,0,0,,,0,,,,Unknown,True,,
25377441,,,,Questionnaire/Survey Development,,0,0,0,0,0,0,0,0,0,0,0,0,0,,,0,,,,Unknown,True,,
25475340,,,,Clinical Study,,0,0,0,0,0,0,0,0,0,0,0,0,0,,,0,,,,Unknown,True,,
25074460,,,,Bioinformatics Analysis,,0,0,0,0,0,0,0,0,0,0,0,0,0,,,0,,,,Unknown,True,,
2551169,,,,Lab Research,,0,0,0,0,0,0,0,0,0,0,0,0,0,,,0,,,,Unknown,True,,
25534823,,,,Lab Research,,0,0,0,0,0,0,0,0,0,0,0,0,0,,,0,,,,Unknown,True,,
25535838,,,,Lab Research,,0,0,0,0,0,0,0,0,0,0,0,0,0,,,0,,,,Unknown,True,,
25549701,,,,Bioinformatics Analysis,,0,0,0,0,0,0,0,0,0,0,0,0,0,,,0,,,,Unknown,True,,
25557241,,,,Clinical Study,,0,0,0,0,0,0,0,0,0,0,0,0,0,,,0,,,,Unknown,True,,
25639352,,,,Lab Research,,0,0,0,0,0,0,0,0,0,0,0,0,0,,,0,,,,Unknown,True,,
25772366,,,,Lab Research,,0,0,0,0,0,0,0,0,0,0,0,0,0,,,0,,,,Unknown,True,,
25851896,,,,Lab Research,,0,0,0,0,0,0,0,0,0,0,0,0,0,,,0,,,,Unknown,True,,
25079666,,,,Lab Research,,0,0,0,0,0,0,0,0,0,0,0,0,0,,,0,,,,Unknown,True,,
25043591,,,,Lab Research,,0,0,0,0,0,0,0,0,0,0,0,0,0,,,0,,,,Unknown,True,,
29137242,,,,Lab Research,,0,0,0,0,0,0,0,0,0,0,0,0,0,,,0,,,,Unknown,True,,
2491785,,,,Lab Research,,0,0,0,0,0,0,0,0,0,0,0,0,0,,,0,,,,Unknown,False,,
2491775,,,,Lab Research,,0,0,0,0,0,0,0,0,0,0,0,0,0,,,0,,,,Unknown,False,,
2491777,,,,Lab Research,,0,0,0,0,0,0,0,0,0,0,0,0,0,,,0,,,,Unknown,True,,
2491778,,,,Lab Research,,0,0,0,0,0,0,0,0,0,0,0,0,0,,,0,,,,Unknown,False,,
2491779,,,,Lab Research,,0,0,0,0,0,0,0,0,0,0,0,0,0,,,0,,,,Unknown,True,,
2491781,,,,Lab Research,,0,0,0,0,0,0,0,0,0,0,0,0,0,,,0,,,,Unknown,True,,
2491782,,,,Lab Research,,0,0,0,0,0,0,0,0,0,0,0,0,0,,,0,,,,Unknown,True,,
2491783,,,,Lab Research,,0,0,0,0,0,0,0,0,0,0,0,0,0,,,0,,,,Unknown,True,,
2491784,,,,Bioinformatics Analysis,,0,0,0,0,0,0,0,0,0,0,0,0,0,,,0,,,,Unknown,True,,
24925884,,,,Lab Research,,0,0,0,0,0,0,0,0,0,0,0,0,0,,,0,,,,Unknown,True,,
25043298,,,,Lab Research,,0,0,0,0,0,0,0,0,0,0,0,0,0,,,0,,,,Unknown,True,,
24932921,,,,Lab Research,,0,0,0,0,0,0,0,0,0,0,0,0,0,,,0,,,,Unknown,True,,
24958239,,,,Lab Research,,0,0,0,0,0,0,0,0,0,0,0,0,0,,,0,,,,Unknown,True,,
24980480,,,,Lab Research,,0,0,0,0,0,0,0,0,0,0,0,0,0,,,0,,,,Unknown,True,,
24997609,,,,Lab Research,,0,0,0,0,0,0,0,0,0,0,0,0,0,,,0,,,,Unknown,True,,
25003081,,,,Bioinformatics Analysis,,0,0,0,0,0,0,0,0,0,0,0,0,0,,,0,,,,Unknown,True,,
2500456,,,,Lab Research,,0,0,0,0,0,0,0,0,0,0,0,0,0,,,0,,,,Unknown,True,,
25012216,,,,Review Article,,0,0,0,0,0,0,0,0,0,0,0,0,0,,,0,,,,Unknown,False,,
25026211,,,,Lab Research,,0,0,0,0,0,0,0,0,0,0,0,0,0,,,0,,,,Unknown,True,,
25877069,,,,Lab Research,,0,0,0,0,0,0,0,0,0,0,0,0,0,,,0,,,,Unknown,True,,
25917366,,,,Lab Research,,0,0,0,0,0,0,0,0,0,0,0,0,0,,,0,,,,Unknown,True,,
26066488,,,,Lab Research,,0,0,0,0,0,0,0,0,0,0,0,0,0,,,0,,,,Unknown,True,,
28525381,,,,Lab Research,,0,0,0,0,0,0,0,0,0,0,0,0,0,,,0,,,,Unknown,True,,
28029918,,,,Clinical Trial,,0,0,0,0,0,0,0,0,0,0,0,0,0,,,0,,,,Unknown,True,,
28051113,,,,Bioinformatics Analysis,,0,0,0,0,0,0,0,0,0,0,0,0,0,,,0,,,,Unknown,True,,
28065690,,,,Lab Research,,0,0,0,0,0,0,0,0,0,0,0,0,0,,,0,,,,Unknown,True,,
28126595,,,,Lab Research,,0,0,0,0,0,0,0,0,0,0,0,0,0,,,0,,,,Unknown,True,,
28166733,,,,Bioinformatics Analysis,,0,0,0,0,0,0,0,0,0,0,0,0,0,,,0,,,,Unknown,True,,
28193237,,,,Questionnaire/Survey Development,,0,0,0,0,0,0,0,0,0,0,0,0,0,,,0,,,,Unknown,True,,
28392281,,,,Review Article,,0,0,0,0,0,0,0,0,0,0,0,0,0,,,0,,,,Unknown,False,,
28398289,,,,Lab Research,,0,0,0,0,0,0,0,0,0,0,0,0,0,,,0,,,,Unknown,True,,
28529006,,,,Lab Research,,0,0,0,0,0,0,0,0,0,0,0,0,0,,,0,,,,Unknown,True,,
26150484,,,,Lab Research,,0,0,0,0,0,0,0,0,0,0,0,0,0,,,0,,,,Unknown,True,,
28542306,,,,Bioinformatics Analysis,,0,0,0,0,0,0,0,0,0,0,0,0,0,,,0,,,,Unknown,True,,
28589254,,,,Clinical Study,,0,0,0,0,0,0,0,0,0,0,0,0,0,,,0,,,,Unknown,True,,
28644838,,,,Observational Study,,0,0,0,0,0,0,0,0,0,0,0,0,0,,,0,,,,Unknown,True,,
28725547,,,,Lab Research,,0,0,0,0,0,0,0,0,0,0,0,0,0,,,0,,,,Unknown,True,,
28735371,,,,Clinical Study,,0,0,0,0,0,0,0,0,0,0,0,0,0,,,0,,,,Unknown,True,,
28831766,,,,Lab Research,,0,0,0,0,0,0,0,0,0,0,0,0,0,,,0,,,,Unknown,True,,
28846462,,,,Lab Research,,0,0,0,0,0,0,0,0,0,0,0,0,0,,,0,,,,Unknown,True,,
28848060,,,,Clinical Study,,0,0,0,0,0,0,0,0,0,0,0,0,0,,,0,,,,Unknown,True,,
27999334,,,,Bioinformatics Analysis,,0,0,0,0,0,0,0,0,0,0,0,0,0,,,0,,,,Unknown,True,,
27956565,,,,Clinical Trial,,0,0,0,0,0,0,0,0,0,0,0,0,0,,,0,,,,Unknown,True,,
27956228,,,,Lab Research,,0,0,0,0,0,0,0,0,0,0,0,0,0,,,0,,,,Unknown,True,,
27856782,,,,Clinical Study,,0,0,0,0,0,0,0,0,0,0,0,0,0,,,0,,,,Unknown,False,,
26190969,,,,Lab Research,,0,0,0,0,0,0,0,0,0,0,0,0,0,,,0,,,,Unknown,True,,
26219339,,,,Lab Research,,0,0,0,0,0,0,0,0,0,0,0,0,0,,,0,,,,Unknown,True,,
26478990,,,,Lab Research,,0,0,0,0,0,0,0,0,0,0,0,0,0,,,0,,,,Unknown,True,,
26549023,,,,Lab Research,,0,0,0,0,0,0,0,0,0,0,0,0,0,,,0,,,,Unknown,True,,
26558359,,,,Lab Research,,0,0,0,0,0,0,0,0,0,0,0,0,0,,,0,,,,Unknown,True,,
26657314,,,,Lab Research,,0,0,0,0,0,0,0,0,0,0,0,0,0,,,0,,,,Unknown,True,,
26822862,,,,Bioinformatics Analysis,,0,0,0,0,0,0,0,0,0,0,0,0,0,,,0,,,,Unknown,True,,
26883872,,,,Lab Research,,0,0,0,0,0,0,0,0,0,0,0,0,0,,,0,,,,Unknown,True,,
26904939,,,,Lab Research,,0,0,0,0,0,0,0,0,0,0,0,0,0,,,0,,,,Unknown,True,,
27021207,,,,Clinical Study,,0,0,0,0,0,0,0,0,0,0,0,0,0,,,0,,,,Unknown,True,,
27081657,,,,Clinical Trial,,0,0,0,0,0,0,0,0,0,0,0,0,0,,,0,,,,Unknown,True,,
27458360,,,,Clinical Study,,0,0,0,0,0,0,0,0,0,0,0,0,0,,,0,,,,Unknown,True,,
27527646,,,,Clinical Study,,0,0,0,0,0,0,0,0,0,0,0,0,0,,,0,,,,Unknown,True,,
27527648,,,,Clinical Study,,0,0,0,0,0,0,0,0,0,0,0,0,0,,,0,,,,Unknown,True,,
27760236,,,,Clinical Study,,0,0,0,0,0,0,0,0,0,0,0,0,0,,,0,,,,Unknown,True,,
27815398,,,,Clinical Study,,0,0,0,0,0,0,0,0,0,0,0,0,0,,,0,,,,Unknown,True,,
27817916,,,,Other,,0,0,0,0,0,0,0,0,0,0,0,0,0,,,0,,,,Unknown,False,,
35741605,,,,Bioinformatics Analysis,,0,0,0,0,0,0,0,0,0,0,0,0,0,,,0,,,,Unknown,True,,
