resourceId,strainNomenclature,backgroundStrain,backgroundSubstrain,animalModelGeneticDisorder,animalModelOfManifestation,transplantationType,animalState,generation,donorId,transplantationDonorId,_pmid,_doi,_publicationTitle,_year,_context,_confidence,_verdict,_usageType
,129T2/SvEmsJ::C57Bl/6NTac Nf1+/- and Nf1+/+,129T2/SvEmsJ x C57Bl/6NTac,,Neurofibromatosis type 1,,,,,,,PMID:31545171,10.7554/eLife.48983,Optical dopamine monitoring with dLight1 reveals mesolimbic phenotypes in a mouse model of neurofibromatosis type 1.,,Experimental subjects were 8–12 week old 129T2/SvEmsJ::C57Bl/6NTac Nf1+/+ and Nf1+/- male and female mice that were generated via the F1 cross,0.95,Accept,Experimental Usage
,C57BL6/J Nf1+/−;Trp53+/−,C57BL/6,C57BL/6J,Neurofibromatosis type 1,Malignant Peripheral Nerve Sheath Tumor,,,,,,PMID:32642734,10.1093/noajnl/vdz026,Whole exome sequencing reveals the maintained polyclonal nature from primary to metastatic malignant peripheral nerve sheath tumor in two patients with NF1.,,Murine MPNST tumor lines established from C57BL6/J Nf1+/−;Trp53+/− (NPcis) expressing GFP-Luciferase,0.95,Accept,Experimental Usage
,Nf1 c.5425 C > T ; Arg1809Cys,C57BL/6,C57BL/6J,Neurofibromatosis type 1,Non-tumor forming mutation,,,,,,PMID:35589737,10.1038/s41467-022-30466-6,Neuronal hyperexcitability drives central and peripheral nervous system tumor progression in models of neurofibromatosis-1.,,Heterozygous Nf1 c.5425 C > T ; Arg1809Cys-mutant mice were generated by CRISPR/Cas9 engineering directly into C57Bl/6J embryos,0.95,Accept,Experimental Usage
,R681X Nf1,C57BL/6,C57BL/6J,Neurofibromatosis type 1,,,,,,,PMID:35589737,10.1038/s41467-022-30466-6,Neuronal hyperexcitability drives central and peripheral nervous system tumor progression in models of neurofibromatosis-1.,,heterozygous R681X and c.3827G > C Nf1-mutant mice were backcrossed to C57Bl/6J,0.9,Accept,Experimental Usage
,Nf1 flox/flox ; Hoxb7-Cre,,,Neurofibromatosis type 1,Plexiform Neurofibroma,,,,,,PMID:35589737,10.1038/s41467-022-30466-6,Neuronal hyperexcitability drives central and peripheral nervous system tumor progression in models of neurofibromatosis-1.,,conditional knockout Nf1 flox/flox ; Hoxb7-Cre mice were used,0.95,Accept,Experimental Usage
,Nf1 f/neo ; hGFAP-Cre,,,Neurofibromatosis type 1,Optic Nerve Glioma,,,,,,PMID:35589737,10.1038/s41467-022-30466-6,Neuronal hyperexcitability drives central and peripheral nervous system tumor progression in models of neurofibromatosis-1.,,Optic glioma-prone mice were generated with the R1809C mutation or a neomycin cassette inserted in exon 31 as the germline Nf1 allele and somatic Nf1 inactivation in neuroglial progenitor cells (Nf1 f/neo ; hGFAP-Cre mice),0.95,Accept,Experimental Usage
,Nf1-IF,,,Neurofibromatosis type 1,mammary adenocarcinomas,,,,,,PMID:38216123,10.1016/j.molmet.2024.101876,NF1 deficiency drives metabolic reprogramming in ER+ breast cancer.,,The Nf1 inframe indel (Nf1-IF) rats have a 54bp deletion in exon 20,0.95,Accept,Experimental Usage
,Nf1-PS,,,Neurofibromatosis type 1,mammary adenocarcinomas,,,,,,PMID:38216123,10.1016/j.molmet.2024.101876,NF1 deficiency drives metabolic reprogramming in ER+ breast cancer.,,The Nf1 premature stop indel (Nf1-PS) rats have an 8-bp deletion in exon 20,0.95,Accept,Experimental Usage
,Nf1-IFPS,,,Neurofibromatosis type 1,mammary adenocarcinomas,,,,,,PMID:38216123,10.1016/j.molmet.2024.101876,NF1 deficiency drives metabolic reprogramming in ER+ breast cancer.,,The Nf1 in-frame premature stop indel (Nf1-IFPS) rats have a 57-bp deletion in exon 20,0.95,Accept,Experimental Usage
,Nf1(ob) (-/-),,,Neurofibromatosis type 1,Bone healing defects,,,,,,PMID:20200958,10.1002/jbmr.42,Local low-dose lovastatin delivery improves the bone-healing defect caused by Nf1 loss of function in osteoblasts.,,we assessed bone healing in the Nf1(ob) (-/-) conditional mouse model lacking Nf1 specifically in osteoblasts,0.9,Accept,Experimental Usage
,2.3-kb α1(I) collagen-cre Nf1 flox/flox,,,Neurofibromatosis type 1,,,,,,,PMID:20200958,10.1002/jbmr.42,Local low-dose lovastatin delivery improves the bone-healing defect caused by Nf1 loss of function in osteoblasts.,,WT and mice were generated by crossing 2.3-kb α1(I) collagen-cre Nf1 flox/flox mice and Nf1 flox/flox mice,0.85,Accept,Experimental Usage
,Nf1 flox/flox,,,Neurofibromatosis type 1,,,,,,,PMID:36890585 | PMID:40684195 | PMID:19191334 | PMID:21439418 | PMID:34935315 | PMID:25772366 | PMID:29847659 | PMID:29787563 | PMID:28525381 | PMID:25535838 | PMID:20200958,10.1186/s40478-023-01525-w | 10.1186/s40478-025-02075-z | 10.1002/glia.20845 | 10.1016/j.bone.2011.03.760 | 10.1117/1.JBO.26.12.125001 | 10.1016/j.celrep.2015.02.041 | 10.1167/iovs.17-22588 | 10.1371/journal.pone.0190001 | 10.18632/oncotarget.17589 | 10.7554/eLife.05151 | 10.1002/jbmr.42,Neurofibromatosis type 1-dependent alterations in mouse microglia function are not cell-intrinsic. | Unraveling the development of cutaneous neurofibromas in neurofibromatosis type 1. | Microarray analyses reveal regional astrocyte heterogeneity with implications for neurofibromatosis type 1 (NF1)-regulated glial proliferation. | Primary osteopathy of vertebrae in a neurofibromatosis type 1 murine model. | Analysis of muscle tissue in vivo using fiber-optic autofluorescence and diffuse reflectance spectroscopy. | Mouse low-grade gliomas contain cancer stem cells with unique molecular and functional properties. | Neurofibromin Deficiency Induces Endothelial Cell Proliferation and Retinal Neovascularization. | Graph complexity analysis identifies an ETV5 tumor-specific network in human and murine low-grade glioma. | The cell of origin dictates the temporal course of neurofibromatosis-1 (Nf1) low-grade glioma formation. | Transient inhibition of the ERK pathway prevents cerebellar developmental defects and improves long-term motor functions in murine models of neurofibromatosis type 1. | Local low-dose lovastatin delivery improves the bone-healing defect caused by Nf1 loss of function in osteoblasts.,,"CX3CR1-CreER [ 71 ] were intercrossed with Nf1 flox/flox [ 1 ] | R26tdTom/tdTom, Nf1flox/flox; Nf1flox/flox; Nf1+/−; and B6D2F1 | Nf1flox/flox (Zhu et al. 2001) and Nf1GFAP CKO (Bajenaru et al. 2002) mice were generated as previously described and maintained on a C57Bl/6 background | Nf1 flox/flox mice were provided by Dr. Luis Parada at the University of Texas Southwestern Medical Center | ...the NF1 mice bred from the Prx1-Cre transgenic mice and the Nf1flox/flox mice... | Optic chiasm was microdissected from 3-month-old Nf1 flox/flox, Nf1 +/− and Nf1 +/− GFAP CKO mice to generate primary optic nerve neurospheres | Nf1flox/flox mice were obtained from Luis Parada (University of Texas Southwestern Medical Center, Dallas, TX, USA) and maintained on C57BL/6J background. | Nf1flox/flox Nf1flox/null; GFAP-Cre (OPG-1), Nf1flox/R681*; GFAP-Cre (OPG-2), Nf1flox/null; Ptenflox/wt; GFAP-Cre (OPG-3), and Nf1flox/null; Olig2-Cre (OPG-4) mice | while Nf1 flox/mut ; GFAP-Cre (FMC; [ 11 ]) and Nf1 flox/flox [ 31 ] control mice were established | The control mice for Nf1 hGFAP CKO mice are a pool of phenotypically indistinguishable mice: hGFAP-cre-; Nf1 flox/flox | crossing 2.3-kb α1(I) collagen-cre Nf1 flox/flox mice and Nf1 flox/flox mice",0.95,Accept,Experimental Usage
,Nf1 flox,,,Neurofibromatosis type 1,,,,,,,PMID:33078583 | PMID:21681782 | PMID:21551250 | PMID:21726432,10.1002/jcsm.12632 | 10.1002/ajh.22035 | 10.1158/0008-5472.CAN-10-4577 | 10.1186/1741-7015-9-82,Cell autonomous requirement of neurofibromin (Nf1) for postnatal muscle hypertrophic growth and metabolic homeostasis. | Nf1 mutant mice with p19ARF gene loss develop accelerated hematopoietic disease resembling acute leukemia with a variable phenotype. | Susceptible stages in Schwann cells for NF1-associated plexiform neurofibroma development. | MIA is a potential biomarker for tumour load in neurofibromatosis type 1.,,"Mouse lines used in this study were described before: Myf5 Cre, Lbx1 Cre, Nf1 flox | Mx1-Cre, Nf1 flox, and Nf1 fcr (Nf1 knockout) mice have been described previously | The NF1 flox/− mice are in a mixed genetic background of C57BL/6/Sv129 and have been described previously | The female Nf1flox mice were crossed to male Nf1flox heterozygous Prx1-Cre-positive males",0.95,Accept,Experimental Usage
,Nf1+/-,C57BL/6,C57BL/6J,Neurofibromatosis type 1,,,,,,,PMID:32781282 | PMID:21199799 | PMID:8582272 | PMID:21949590 | PMID:40590220 | PMID:36890585 | PMID:40684195 | PMID:23071067 | PMID:26190969 | PMID:21439418 | PMID:25772366 | PMID:29847659 | PMID:18242513 | PMID:28525381 | PMID:16835260 | PMID:18632543,10.1016/j.trsl.2020.08.001 | 10.1158/0008-5472.CAN-10-2732 | 10.1242/dev.121.11.3583 | 10.2478/v10134-010-0025-8 | 10.1172/JCI188932 | 10.1186/s40478-023-01525-w | 10.1186/s40478-025-02075-z | 10.1158/0008-5472.CAN-12-1728 | 10.3389/fncel.2015.00234 | 10.1016/j.bone.2011.03.760 | 10.1016/j.celrep.2015.02.041 | 10.1167/iovs.17-22588 | 10.1016/j.ccr.2008.01.003 | 10.18632/oncotarget.17589 | 10.1093/hmg/ddl165 | 10.1001/jama.300.3.287,"Nf1 heterozygous mice recapitulate the anthropometric and metabolic features of human neurofibromatosis type 1. | Dose-dependent effects of focal fractionated irradiation on secondary malignant neoplasms in Nf1 mutant mice. | Neurofibromin-deficient fibroblasts fail to form perineurium in vitro. | ALTERED CALCIUM CURRENTS AND AXONAL GROWTH IN Nf1 HAPLOINSUFFICIENT MICE. | A haploinsufficiency restoration strategy corrects neurobehavioral deficits in Nf1+/- mice. | Neurofibromatosis type 1-dependent alterations in mouse microglia function are not cell-intrinsic. | Unraveling the development of cutaneous neurofibromas in neurofibromatosis type 1. | Genetically mediated Nf1 loss in mice promotes diverse radiation-induced tumors modeling second malignant neoplasms. | In vivo synaptic transmission and morphology in mouse models of Tuberous sclerosis, Fragile X syndrome, Neurofibromatosis type 1, and Costello syndrome. | Primary osteopathy of vertebrae in a neurofibromatosis type 1 murine model. | Mouse low-grade gliomas contain cancer stem cells with unique molecular and functional properties. | Neurofibromin Deficiency Induces Endothelial Cell Proliferation and Retinal Neovascularization. | The loss of Nf1 transiently promotes self-renewal but not tumorigenesis by neural crest stem cells. | The cell of origin dictates the temporal course of neurofibromatosis-1 (Nf1) low-grade glioma formation. | Nf1+/- mast cells induce neurofibroma like phenotypes through secreted TGF-beta signaling. | Effect of simvastatin on cognitive functioning in children with neurofibromatosis type 1: a randomized controlled trial.",,"Nf1 heterozygous (Nf1+/-) mice accurately reflect the dominant inheritance of NF1 and are regularly employed as a model of NF1 | Nf1 +/− mice were generated as previously described (11). In brief, Nf1 +/− mice maintained in the 129/Sv background (12) were crossed with wild-type C57Bl/6 mice. | male and female Nf1 (+/-) mice were mated for 12–16 hours | In order to obtain Nf1 (-/-) embryos, male and female Nf1 (+/-) mice were mated | Mice heterozygous for the Nf1 mutation on a background of C57BL/6J were originally developed by Dr. Tyler Jacks | Nf1 heterozygous (Nf1+/–, C57BL/6) mice have been previously described | heterozygous germline knockout mouse model of Neurofibromatosis type 1 (Nf1 ± mice) | R26tdTom/tdTom, Nf1flox/flox; Nf1flox/flox; Nf1+/−; and B6D2F1 | Nf1+/- and wildtype mice were generated as previously described. In brief, Nf1+/- mice maintained in the 129/Sv background were crossed with wild-type C57Bl/6 mice. | Generation of the...Nf1 (+/- Jacks et al., 1994)...In MNTB principal neurons of Nf1 (+/-) mice the average delay between EPSPs and APs was slightly smaller | Nf1 +/− mice were obtained from Dr. Tyler Jacks at the Massachusetts Institute of Technology | Optic chiasm was microdissected from 3-month-old Nf1 flox/flox, Nf1 +/− and Nf1 +/− GFAP CKO mice | Nf1+/- mice were obtained from Tyler Jacks (Massachusetts Institute of Technology, Cambridge, MA, USA) and backcrossed 13 generations into the C57BL/6J strain. | Several Nf1 alleles were used in these studies including Nf1 (germline mutant) mice (− Jacks et al., 1994) | Nf1+/ − mice [ 30 ] were bred with Nf1 f/wt mice to produce Nf1 flox/mut mice | Nf1 +/− mice were obtained from Dr Tyler Jacks at the Massachusetts Institute of Technology (Cambridge, MA, USA) in a C57BL/6J.129 background and backcrossed for 13 generations into a C57BL/6J strain | statin-mediated inhibition of 3-hydroxy-3-methylglutaryl coenzyme A reductase restores the cognitive deficits in an NF1 mouse model",0.95,Accept,Experimental Usage
,y w Mer4,,,Neurofibromatosis type 2,,,,,,,PMID:24595234,10.1371/journal.pone.0090853,In vivo functional analysis of the human NF2 tumor suppressor gene in Drosophila.,,"crossed to female flies of the following genotype, y w Mer4",0.9,Accept,Experimental Usage
,4/FM7; T80-Gal4 y w Mer4,,,Neurofibromatosis type 2,,,,,,,PMID:24595234,10.1371/journal.pone.0090853,In vivo functional analysis of the human NF2 tumor suppressor gene in Drosophila.,,surviving 4/FM7; T80-Gal4 y w Mer4 hemizygous males,0.85,Accept,Experimental Usage
,PLP CreERT2; Nf1 f/−; ROSA-LacZ,,,Neurofibromatosis type 1,Malignant Peripheral Nerve Sheath Tumor,,,,,,PMID:30479396,10.1038/s41467-018-07452-y,NF1 heterozygosity fosters de novo tumorigenesis but impairs malignant transformation.,,PLP CreERT2; Nf1 f/−; ROSA-LacZ mice was conditionally activated with a single subcutaneous dose of 4-hydroxytamoxifen,0.95,Accept,Experimental Usage
,Nf1Prx1-/-,C57BL/6,,Neurofibromatosis type 1,,,,,,,PMID:34935315 | PMID:24465906 | PMID:21726432,10.1117/1.JBO.26.12.125001 | 10.1371/journal.pone.0086115 | 10.1186/1741-7015-9-82,"Analysis of muscle tissue in vivo using fiber-optic autofluorescence and diffuse reflectance spectroscopy. | Multiscale, converging defects of macro-porosity, microstructure and matrix mineralization impact long bone fragility in NF1. | MIA is a potential biomarker for tumour load in neurofibromatosis type 1.",,"...two mouse models of genetic muscle disease: a type 1 neurofibromatosis (NF1) limb-mesenchyme knockout (Nf1Prx1-/-) and a muscular dystrophy mouse (mdx)... | we analyzed two conditional mouse models, Nf1Prx1 (limb knock-out) and Nf1Col1 (osteoblast specific knock-out) | mice bearing conditional inactivation of NF1 in the developing limbs...Nf1Prx1 mouse model might prove to be relevant biomarkers",0.95,Accept,Experimental Usage
,Nf1+/− GFAP CKO,C57BL/6,,Neurofibromatosis type 1,attention deficit,,,,,,PMID:21963652 | PMID:19191334 | PMID:23225063 | PMID:25772366,10.1016/j.expneurol.2011.09.005 | 10.1002/glia.20845 | 10.1002/ana.23793 | 10.1016/j.celrep.2015.02.041,PET imaging for attention deficit preclinical drug testing in neurofibromatosis-1 mice. | Microarray analyses reveal regional astrocyte heterogeneity with implications for neurofibromatosis type 1 (NF1)-regulated glial proliferation. | Dopamine deficiency underlies learning deficits in neurofibromatosis-1 mice. | Mouse low-grade gliomas contain cancer stem cells with unique molecular and functional properties.,,"Nf1 +/− GFAP CKO (CKO) and control littermate Nf1 flox/flox (WT) mice were maintained on an inbred C57BL/6 background | Nf1flox/flox (Zhu et al. 2001) and Nf1GFAP CKO (Bajenaru et al. 2002) mice were generated as previously described and maintained on a C57Bl/6 background | Nf1 +/− GFAP CKO (CKO) with one non-functional Nf1 allele in all somatic cells and complete Nf1 loss in GFAP+ (glial) cells | Optic chiasm was microdissected from 3-month-old Nf1 flox/flox, Nf1 +/− and Nf1 +/− GFAP CKO mice",0.95,Accept,Experimental Usage
,Nf1(flox/-);Col2.3Cre(+),,,Neurofibromatosis type 1,Spinal deformities,,,,,,PMID:21439418,10.1016/j.bone.2011.03.760,Primary osteopathy of vertebrae in a neurofibromatosis type 1 murine model.,,"we report a novel murine NF1 model, Nf1(flox/-);Col2.3Cre(+) mice. These mice display short vertebral segments",0.95,Accept,Development
,cisNP,,,Neurofibromatosis type 1,Malignant Peripheral Nerve Sheath Tumor,,,,,,PMID:38502231 | PMID:34010628,10.1172/JCI176748 | 10.1016/j.stem.2021.04.029,STING activation reprograms the microenvironment to sensitize NF1-related malignant peripheral nerve sheath tumors for immunotherapy. | Stem-like cells drive NF1-associated MPNST functional heterogeneity and tumor progression.,,"The cisNP mouse model has been previously described (27, 28). | A spontaneous MPNST GEMM, cisNP, was previously described (Vogel et al., 1999)",0.9,Accept,Experimental Usage
,y [1] sc[*] v [1] sev [21]; P{y[+t7.7] v[+t1.8] = TKO.GS01796}attP40,,,Neurofibromatosis type 1,,,,,,,PMID:39129390,10.1002/1878-0261.13704,Inhibition of autophagy as a novel treatment for neurofibromatosis type 1 tumors.,,The Nf1 mutant fly line was generated by CRISPR/Cas9 using the sgRNA line: y [1] sc[*] v [1] sev [21]; P{y[+t7.7] v[+t1.8] = TKO.GS01796}attP40,0.9,Accept,Experimental Usage
,P{ KK101909 }VIE‐260B,,,Neurofibromatosis type 1,,,,,,,PMID:39129390,10.1002/1878-0261.13704,Inhibition of autophagy as a novel treatment for neurofibromatosis type 1 tumors.,,dNf1 RNAi line: P{ KK101909 }VIE‐260B (VDRC #109637),0.9,Accept,Experimental Usage
,Nf1Dsk9/+,C3HeB/FeJ x C57bl/6,,Neurofibromatosis type 1,,,,,,,PMID:30571760,10.1371/journal.pone.0208835,Neurofibromin haploinsufficiency results in altered spermatogenesis in a mouse model of neurofibromatosis type 1.,,"The NF1 mouse model used in this study has been described elsewhere. Dsk9 is a missense mutation in the GTPase-activating protein related domain of neurofibromin. Nf1Dsk9/+ (subsequently referred to as ""Nf1+/-"") mice were maintained on a mixed (C3HeB/FeJ x C57bl/6) background.",0.95,Accept,Experimental Usage
,P0SchΔ39-121,,,Neurofibromatosis type 2,,,,,,,PMID:29408605,10.1016/j.neuroscience.2018.01.054,Nf2 Mutation in Schwann Cells Delays Functional Neural Recovery Following Injury.,,"P0SchΔ39-121 transgenic mice were obtained from Riken Bioresource Center (Tsukuba, Japan). P0SchΔ39-121 heterozygous mice express a dominant negative form of merlin",0.95,Accept,Experimental Usage
,"Trp53, Nf1, Suz12 triple mutant",,,Neurofibromatosis type 1,tumors,,,,,,PMID:38931352,10.3390/ph17060685,PET Imaging of Neurofibromatosis Type 1 with a Fluorine-18 Labeled Tryptophan Radiotracer.,,"The triple mutant line from the vendor carries Trp53, Nf1, Suz12 mutations on chromosome 11 and develops tumors at approximately four months, which is similar to conditions found in human NF1 patients",0.95,Accept,Experimental Usage
,C57BL/6J,C57BL/6,C57BL/6J,Neurofibromatosis type 1,,,,,,,PMID:8582272,10.1242/dev.121.11.3583,Neurofibromin-deficient fibroblasts fail to form perineurium in vitro.,,C57BL/6J mice in which one allele of the NF1 gene has been targeted were generated as described elsewhere,0.9,Accept,Experimental Usage
,Nf1flox/flox;PostnCre,C57BL/6 × 129/SV,,Neurofibromatosis type 1,Plexiform Neurofibroma,,,,,,PMID:33442015 | PMID:31527226 | PMID:33658640 | PMID:38127282,10.1038/s41591-020-01193-6 | 10.1158/1535-7163.MCT-19-0123 | 10.1038/s41416-021-01270-8 | 10.1158/1078-0432.CCR-23-2548,"Cabozantinib for neurofibromatosis type 1-related plexiform neurofibromas: a phase 2 trial. | Ketotifen Modulates Mast Cell Chemotaxis to Kit-Ligand, but Does Not Impact Mast Cell Numbers, Degranulation, or Tumor Behavior in Neurofibromas of | Exploring transcriptional regulators Ref-1 and STAT3 as therapeutic targets in malignant peripheral nerve sheath tumours. | Spatial Gene-Expression Profiling Unveils Immuno-oncogenic Programs of NF1-Associated Peripheral Nerve Sheath Tumor Progression.",,"Genetically engineered Nf1flox/flox;PostnCre mice on a mixed C57BL/6 × 129/SV background were utilized for in vivo studies | The Nf1;flox/flox PostnCre+ mice were developed and bred by the Clapp Laboratory utilizing tools reported previously (18). Tumor formation is driven by the early embryonic conditional deletion of Nf1 in Schwann cell progenitors via the Periostin (Postn) promoter and Cre recombinase enzyme | Tissue processing for wild-type (wt), Nf1 flox/flox- ;Postn-Cre and Nf1-Arf flox/flox ;Postn-Cre mouse tissues | RNAseq data from Nf1flox/flox;PostnCre+ and Nf1flox/flox;Arf flox/flox;PostnCre+ mice",0.95,Accept,Experimental Usage
,NF1 fl/fl Tp53 fl/fl Eed fl/fl;Dhh-Cre,,,Neurofibromatosis type 1,Malignant Peripheral Nerve Sheath Tumor,,,,,,PMID:36322658,10.1126/sciadv.abo5442,Single-cell multiomics identifies clinically relevant mesenchymal stem-like cells and key regulators for MPNST malignancy.,,The NPE-mutant mice were generated by crossing NF1 fl/fl (JAX Nf1tm1Par/J) Tp53 fl/fl Eed fl/fl mice with Dhh-Cre mice,0.9,Accept,Experimental Usage
,NF1 R1947/+,Ossabaw minipig,,Neurofibromatosis type 1,,,,,,,PMID:37520682,10.1016/j.omtn.2023.06.018,Combining nonsense mutation suppression therapy with nonsense-mediated decay inhibition in neurofibromatosis type 1.,,Generation of NF1 NS/+ minipigs Generation of a swine nonsense mutation model of NF1 followed a similar strategy as previously described. Recurrent nonsense mutation R1947∗ NF1 is located within exon 41,0.95,Accept,Development
,Nf1fl/fl,C57BL/6,,Neurofibromatosis type 1,,,,,,,PMID:34040258,10.1038/s41586-021-03580-6,NF1 mutation drives neuronal activity-dependent initiation of optic glioma.,,"Nf1fl/fl, OPG Nf1fl/mut (Nf1+/−) and Nf1 (wild-type) mice were previously generated",0.9,Accept,Experimental Usage
,OPG Nf1fl/mut (Nf1+/−),C57BL/6,,Neurofibromatosis type 1,Optic Nerve Glioma,,,,,,PMID:34040258,10.1038/s41586-021-03580-6,NF1 mutation drives neuronal activity-dependent initiation of optic glioma.,,"Nf1fl/fl, OPG Nf1fl/mut (Nf1+/−) and Nf1 (wild-type) mice were previously generated",0.9,Accept,Experimental Usage
,Nf1 hGFAP CKO,"C57Bl6, 129Svj and FVB",,Neurofibromatosis type 1,,,,,,,PMID:22901811,10.1016/j.cell.2012.06.034,ERK inhibition rescues defects in fate specification of Nf1-deficient neural progenitors and brain abnormalities.,,"The mutant mice ( Nf1 hGFAP CKO) used were of the genotypes, hGFAP-cre+; Nf1 flox/KO  and hGFAP-cre+; Nf1 flox/flox",0.95,Accept,Experimental Usage
,Nf1 NcreER CKO,C57Bl6 and 129Svj,,Neurofibromatosis type 1,,,,,,,PMID:22901811,10.1016/j.cell.2012.06.034,ERK inhibition rescues defects in fate specification of Nf1-deficient neural progenitors and brain abnormalities.,,Nestin-cre ER +; Nf1 flox/flox  (tamoxifen+) mice were used as mutants ( Nf1 NcreER CKO),0.9,Accept,Experimental Usage
,Nf1 fcr,C57BL/6,,Neurofibromatosis type 1,,,,,,,PMID:21681782,10.1002/ajh.22035,Nf1 mutant mice with p19ARF gene loss develop accelerated hematopoietic disease resembling acute leukemia with a variable phenotype.,,"Mx1-Cre, Nf1 flox, and Nf1 fcr (Nf1 knockout) mice have been described previously",0.95,Accept,Experimental Usage
,NPcis,,,Neurofibromatosis type 1,High Grade Glioma,,,,,,PMID:36730269,10.1371/journal.pone.0277305,Identification of therapeutic sensitivities in a spheroid drug combination screen of Neurofibromatosis Type I associated High Grade Gliomas.,,sporadically developed by the NPcis genetically engineered mouse model. The germline of these mice is heterozygous for Nf1 and Tp53; mutant alleles are located in cis,0.9,Accept,Experimental Usage
,"Nf1 flox/mut; GFAP-Cre, Nf1+/− GFAP CKO",C57Bl/6,,Neurofibromatosis type 1,Optic pathway glioma,,,,,,PMID:20554030,10.1016/j.jneuroim.2010.05.002,CXCL12 alone is insufficient for gliomagenesis in Nf1 mutant mice.,,"OPG mice (Nf1 flox/mut; GFAP-Cre, Nf1+/− GFAP CKO) mice were generated as previously described",0.95,Accept,Experimental Usage
,Nf1 P1,w CS10,,Neurofibromatosis type 1,,,,,,,PMID:34257279,10.1038/s41467-021-24505-x,Neurofibromin regulates metabolic rate via neuronal mechanisms in Drosophila.,,The Nf1 P1 mutation was backcrossed six generations into the w CS10 genetic background and w CS10 flies were used as controls.,0.9,Accept,Experimental Usage
,Postn-Cre; Nf2flox/flox,FVB/NTac,,Neurofibromatosis type 2,schwannomas,,,,,,PMID:41444363,10.1038/s41598-025-32031-9,Focused ultrasound-mediated drug delivery of bevacizumab in treating NF2-related schwannomatosis in an animal model.,,The Postn-Cre transgenic and conditional Nf2flox/flox knocking alleles were obtained from the Conway and Clapp labs at Indiana University School of Medicine,0.95,Accept,Experimental Usage
,Nf2flox/flox,FVB/NTac,,Neurofibromatosis type 2,,,,,,,PMID:41444363 | PMID:24817309,10.1038/s41598-025-32031-9 | 10.1371/journal.pone.0097320,Focused ultrasound-mediated drug delivery of bevacizumab in treating NF2-related schwannomatosis in an animal model. | Nf2/Merlin controls spinal cord neural progenitor function in a Rac1/ErbB2-dependent manner.,,conditional Nf2flox/flox knocking alleles were obtained from the Conway and Clapp labs | Nf2flox/flox mice carrying a LoxP insertion in the Nf2 gene [13] were maintained at the Washington University School of Medicine,0.9,Accept,Experimental Usage
,"Dhh::Cre, Nf1fl/fl, Pten",,,Neurofibromatosis type 1,Peripheral nerve sheath tumor,,,,,,PMID:41036607,10.1158/1535-7163.MCT-24-1053,Pharmacogenomic Synthetic Lethal Screens Reveal Hidden Vulnerabilities and New Therapeutic Approaches for Treatment of NF1-Associated Tumors.,,"The GEMM of high-grade PNSTs was generated as described previously. Dhh::Cre, Nf1fl/fl, Pten experimental class animals were randomized to a treatment or vehicle group",0.9,Accept,Experimental Usage
,Mut3,"C57/BL6, Sv129, and B6/CBA",,Neurofibromatosis type 1,astrocytomas,,,,,,PMID:18451155,10.1158/0008-5472.CAN-07-6867,Pten haploinsufficiency accelerates formation of high-grade astrocytomas.,,"To generate Mut3 to Mut6 mice (see Fig. 1A for genetic configurations), we crossed Mut3 (8) or Mut4 males with wild-type (wt), loxP-Pten (Pten f hereafter; ref. 27)",0.85,Accept,Experimental Usage
,Mut4,"C57/BL6, Sv129, and B6/CBA",,Neurofibromatosis type 1,astrocytomas,,,,,,PMID:18451155,10.1158/0008-5472.CAN-07-6867,Pten haploinsufficiency accelerates formation of high-grade astrocytomas.,,"To generate Mut3 to Mut6 mice (see Fig. 1A for genetic configurations), we crossed Mut3 (8) or Mut4 males with wild-type (wt), loxP-Pten (Pten f hereafter; ref. 27)",0.85,Accept,Experimental Usage
,Nf1 flox/flox; GFAP-Cre,C57BL/6,,Neurofibromatosis type 1,Optic glioma,,,,,,PMID:21216928 | PMID:26883872 | PMID:20551058,10.1158/1535-7163.MCT-10-0654 | 10.1016/j.jprot.2016.02.004 | 10.1158/0008-5472.CAN-09-3769,Interpreting mammalian target of rapamycin and cell growth inhibition in a genetically engineered mouse model of Nf1-deficient astrocytes. | 3-D imaging mass spectrometry of protein distributions in mouse Neurofibromatosis 1 (NF1)-associated optic glioma. | Cyclic AMP suppression is sufficient to induce gliomagenesis in a mouse model of neurofibromatosis-1.,,"Five-six week-old Nf1 GFAP CKO mice (Nf1 flox/flox; GFAP-Cre) were used. These mice lack Nf1 gene expression in GFAP+ (glial) cells | Nf1^flox/flox;GFAP-Cre mice (OPG mice) were generated as previously described. All mice were maintained on a C57BL/6 background | Wild type ( Nf1 ), Tumor Progenitor ( flox/flox Nf1 ; GFAP-Cre), and OPG ( flox/flox Nf1 ; GFAP-Cre) mice were generated as previously described",0.95,Accept,Experimental Usage
,DhhCre;Nf1fl/fl,,,Neurofibromatosis type 1,neurofibroma,,,,,,PMID:28029918,10.1056/NEJMoa1605943,Activity of Selumetinib in Neurofibromatosis Type 1-Related Plexiform Neurofibromas.,,Selumetinib was evaluated in the DhhCre;Nf1fl/fl genetically engineered mouse model of neurofibroma,0.95,Accept,Experimental Usage
,Nf1Col1,,,Neurofibromatosis type 1,osteoblast specific knock-out,,,,,,PMID:24465906,10.1371/journal.pone.0086115,"Multiscale, converging defects of macro-porosity, microstructure and matrix mineralization impact long bone fragility in NF1.",,"we analyzed two conditional mouse models, Nf1Prx1 (limb knock-out) and Nf1Col1 (osteoblast specific knock-out)",0.95,Accept,Experimental Usage
,Nf1fl/fl;DhhCre,C57Bl/6,,Neurofibromatosis type 1,Neurofibroma,,,,,,PMID:28256556 | PMID:26904939,10.1038/srep43315 | 10.1016/j.celrep.2016.01.074,An inflammatory gene signature distinguishes neurofibroma Schwann cells and macrophages from cells in the normal peripheral nervous system. | Insertional Mutagenesis Identifies a STAT3/Arid1b/β-catenin Pathway Driving Neurofibroma Initiation.,,"by in-house breeding to Nf1 and fl/ + DhhCre to obtain Nf1 fl/fl ;DhhCre or Nf1 mice, as previously described | Genetic deletion of Stat3 in Schwann cell progenitors (SCPs) and Schwann cells (SCs) prevents neurofibroma formation",0.95,Accept,Experimental Usage
,Stat3(fl/fl);Nf1(fl/fl);DhhCre,,,Neurofibromatosis type 1,Neurofibroma,,,,,,PMID:26904939,10.1016/j.celrep.2016.01.074,Insertional Mutagenesis Identifies a STAT3/Arid1b/β-catenin Pathway Driving Neurofibroma Initiation.,,Knockdown of Arid1b or Gsk3β in Stat3(fl/fl);Nf1(fl/fl);DhhCre SCPs rescues neurofibroma formation after in vivo transplantation,0.9,Accept,Experimental Usage
,Nf1f/f;Trp53f/f;Nes-TK,,,Neurofibromatosis type 1,Malignant Peripheral Nerve Sheath Tumor,,,,,,PMID:34010628,10.1016/j.stem.2021.04.029,Stem-like cells drive NF1-associated MPNST functional heterogeneity and tumor progression.,,SKPs were isolated as previously reported from neonatal Nf1f/f;Trp53f/f;Nes-TK mice within 2 weeks of age,0.9,Accept,Experimental Usage
,Nf1f/f;Trp53f/f;CGD,,,Neurofibromatosis type 1,Malignant Peripheral Nerve Sheath Tumor,,,,,,PMID:34010628,10.1016/j.stem.2021.04.029,Stem-like cells drive NF1-associated MPNST functional heterogeneity and tumor progression.,,BC and DRG were harvested from the E13.5 embryos as described from Nf1f/f;Trp53f/f;CGD mice,0.9,Accept,Experimental Usage
,Nf1 fl/+,C57BL/6,,Neurofibromatosis type 1,,,,,,,PMID:32839340 | PMID:18242513,10.1073/pnas.2008391117 | 10.1016/j.ccr.2008.01.003,Brain-wide structural and functional disruption in mice with oligodendrocyte-specific | The loss of Nf1 transiently promotes self-renewal but not tumorigenesis by neural crest stem cells.,,"Inducible Plp-Cre (66) and Nf1 fl/+ (67) mice were maintained on a pure C57BL/6 background | Nf1 mice for conditional deletion (fl Zhu et al., 2001)",0.95,Accept,Experimental Usage
,Nf1/p53-/-,,,Neurofibromatosis type 1,Malignant peripheral nerve sheath tumors,,,,,,PMID:18242513,10.1016/j.ccr.2008.01.003,The loss of Nf1 transiently promotes self-renewal but not tumorigenesis by neural crest stem cells.,,"Nf1/p53 cis mutant mice (− Cichowski et al., 1999)",0.9,Accept,Experimental Usage
,"Mx1-Cre, Nf1 flox/flox",129SV × C57BL/6 J,,Neurofibromatosis type 1,,,,,,,PMID:24386979,10.1186/1471-2407-14-6,"Modulation of Ras signaling alters the toxicity of hydroquinone, a benzene metabolite and component of cigarette smoke.",,"Mx1-Cre, Nf1 flox/flox mice (129SV × C57BL/6 J) were generated and somatic Nf1 inactivation was induced as described elsewhere",0.95,Accept,Experimental Usage
,9a−/9a− Nf1,B6/129T2 hybrid,,Neurofibromatosis type 1,,,,,,,PMID:25917366,10.1038/mp.2015.48,HCN channels are a novel therapeutic target for cognitive dysfunction in Neurofibromatosis type 1.,,Homozygous 9a−/9a− Nf1 mutants and wild-type (WT) littermates in the hybrid B6/129T2 background | crossing the obtained F1 mutant mice with each other to get homozygous 9a−/9a+ Nf1 mutants,0.9,Accept,Experimental Usage
,Nf1flox/null; GFAP-Cre,C57Bl/6,,Neurofibromatosis type 1,Optic glioma,,,,,,PMID:29787563,10.1371/journal.pone.0190001,Graph complexity analysis identifies an ETV5 tumor-specific network in human and murine low-grade glioma.,,"Nf1flox/null; GFAP-Cre (OPG-1), Nf1flox/R681*; GFAP-Cre (OPG-2), Nf1flox/null; Ptenflox/wt; GFAP-Cre (OPG-3), and Nf1flox/null; Olig2-Cre (OPG-4) mice",0.9,Accept,Experimental Usage
,Nf1flox/R681*; GFAP-Cre,C57Bl/6,,Neurofibromatosis type 1,Optic glioma,,,,,,PMID:29787563,10.1371/journal.pone.0190001,Graph complexity analysis identifies an ETV5 tumor-specific network in human and murine low-grade glioma.,,"Nf1flox/null; GFAP-Cre (OPG-1), Nf1flox/R681*; GFAP-Cre (OPG-2), Nf1flox/null; Ptenflox/wt; GFAP-Cre (OPG-3), and Nf1flox/null; Olig2-Cre (OPG-4) mice",0.9,Accept,Experimental Usage
,Nf1flox/null; Ptenflox/wt; GFAP-Cre,C57Bl/6,,Neurofibromatosis type 1,Optic glioma,,,,,,PMID:29787563,10.1371/journal.pone.0190001,Graph complexity analysis identifies an ETV5 tumor-specific network in human and murine low-grade glioma.,,"Nf1flox/null; GFAP-Cre (OPG-1), Nf1flox/R681*; GFAP-Cre (OPG-2), Nf1flox/null; Ptenflox/wt; GFAP-Cre (OPG-3), and Nf1flox/null; Olig2-Cre (OPG-4) mice",0.9,Accept,Experimental Usage
,Nf1flox/null; Olig2-Cre,C57Bl/6,,Neurofibromatosis type 1,Optic glioma,,,,,,PMID:29787563,10.1371/journal.pone.0190001,Graph complexity analysis identifies an ETV5 tumor-specific network in human and murine low-grade glioma.,,"Nf1flox/null; GFAP-Cre (OPG-1), Nf1flox/R681*; GFAP-Cre (OPG-2), Nf1flox/null; Ptenflox/wt; GFAP-Cre (OPG-3), and Nf1flox/null; Olig2-Cre (OPG-4) mice",0.9,Accept,Experimental Usage
,cis Nf1+/−;P53+/−,,,Neurofibromatosis type 1,Malignant Peripheral Nerve Sheath Tumor,,,,,,PMID:35393510,10.1038/s41418-022-00991-4,Tumor growth of neurofibromin-deficient cells is driven by decreased respiration and hampered by NAD,,cisMPNST cells were derived from spontaneous MPNSTs arising in cis Nf1+/−;P53+/− mice,0.9,Accept,Experimental Usage
,Nf2 flox2/flox2,FVB/N,,Neurofibromatosis type 2,Meningioma,,,,,,PMID:17924978 | PMID:38945076,10.1111/j.1750-3639.2007.00105.x | 10.1016/j.redox.2024.103249,Natural history of meningioma development in mice reveals: a synergy of Nf2 and p16(Ink4a) mutations. | Selective nitration of Hsp90 acts as a metabolic switch promoting tumor cell proliferation.,,"To obtain Nf2 flox2/flox2 ;p16 Ink4a*/* mice, Nf2 flox2/flox2 mice (4) on the FVB/N background were bred to p16 Ink4a*/* mice | Schwann cells purified from sciatic nerve of Nf2 flox2/flox2 mice, as described previously",0.9,Accept,Experimental Usage
,Nf2 flox2/flox2 ;p16 Ink4a*/*,FVB/N mixed strain,,Neurofibromatosis type 2,Meningioma,,,,,,PMID:17924978,10.1111/j.1750-3639.2007.00105.x,Natural history of meningioma development in mice reveals: a synergy of Nf2 and p16(Ink4a) mutations.,,"To obtain Nf2 flox2/flox2 ;p16 Ink4a*/* mice, Nf2 flox2/flox2 mice (4) on the FVB/N background were bred to p16 Ink4a*/* mice",0.95,Accept,Experimental Usage
,H7;Nf1mut,,,Neurofibromatosis type 1,Plexiform Neurofibroma,,,,,,PMID:37140985,10.1172/JCI168227,Basement membrane proteins in extracellular matrix characterize NF1 neurofibroma development and response to MEK inhibitor.,,The H7;Nf1mut mice have been described previously (10). Mice were maintained in a clean mouse facility...,0.9,Accept,Experimental Usage
,Nf1flox/mut;GFAP-Cre,C57BL/6,,Neurofibromatosis type 1,Optic Nerve Glioma,,,,,,PMID:24375753 | PMID:20551058 | PMID:28525381,10.1002/ana.24093 | 10.1158/0008-5472.CAN-09-3769 | 10.18632/oncotarget.17589,Sex Is a major determinant of neuronal dysfunction in neurofibromatosis type 1. | Cyclic AMP suppression is sufficient to induce gliomagenesis in a mouse model of neurofibromatosis-1. | The cell of origin dictates the temporal course of neurofibromatosis-1 (Nf1) low-grade glioma formation.,,"Nf1 +/- GFAP CKO ( Nf1 flox/mut ;GFAP-Cre,  Nf1 -CKO) and littermate control ( Nf1 flox/flox ; CTL) mice were maintained on an inbred C57BL/6 background | Wild type ( Nf1 ), Tumor Progenitor ( flox/flox Nf1 ; GFAP-Cre), and OPG ( flox/flox Nf1 ; GFAP-Cre) mice were generated as previously described | while Nf1 flox/mut ; GFAP-Cre (FMC; [ 11 ]) and Nf1 flox/flox [ 31 ] control mice were established",0.95,Accept,Experimental Usage
,DhhCre,,,Neurofibromatosis type 1,Peripheral nerve sheath tumors,,,,,,PMID:38127282,10.1158/1078-0432.CCR-23-2548,Spatial Gene-Expression Profiling Unveils Immuno-oncogenic Programs of NF1-Associated Peripheral Nerve Sheath Tumor Progression.,,RNAseq data from murine peripheral nerve sheath tumors arising in DhhCre mice harboring Nf1-floxed alleles and Ink4a/Arf heterozygosity,0.85,Accept,Experimental Usage
,Nf1flox/flox;Arf flox/flox;PostnCre+,,,Neurofibromatosis type 1,,,,,,,PMID:38127282,10.1158/1078-0432.CCR-23-2548,Spatial Gene-Expression Profiling Unveils Immuno-oncogenic Programs of NF1-Associated Peripheral Nerve Sheath Tumor Progression.,,RNAseq data from Nf1flox/flox;PostnCre+ and Nf1flox/flox;Arf flox/flox;PostnCre+ mice,0.85,Accept,Experimental Usage
,Nf1flox/wt,C57Bl/6,,Neurofibromatosis type 1,Optic Nerve Glioma,,,,,,PMID:28525381,10.18632/oncotarget.17589,The cell of origin dictates the temporal course of neurofibromatosis-1 (Nf1) low-grade glioma formation.,,Nf1+/ − mice [ 30 ] were bred with Nf1 f/wt mice to produce Nf1 flox/mut mice,0.9,Accept,Experimental Usage
,Nf1flox/mut,C57Bl/6,,Neurofibromatosis type 1,Optic Nerve Glioma,,,,,,PMID:28525381,10.18632/oncotarget.17589,The cell of origin dictates the temporal course of neurofibromatosis-1 (Nf1) low-grade glioma formation.,,Nf1+/ − mice [ 30 ] were bred with Nf1 f/wt mice to produce Nf1 flox/mut mice,0.9,Accept,Experimental Usage
,Nf1flox/flox; Olig2-Cre,C57Bl/6,,Neurofibromatosis type 1,Optic Nerve Glioma,,,,,,PMID:28525381,10.18632/oncotarget.17589,The cell of origin dictates the temporal course of neurofibromatosis-1 (Nf1) low-grade glioma formation.,,intercrossed with Nf1 flox/flox ; Olig2-Cre mice to generate Nf1 flox/mut ; Olig2-Cre (FMOC) mice,0.9,Accept,Experimental Usage
,Nf1flox/mut; Olig2-Cre,C57Bl/6,,Neurofibromatosis type 1,Optic Nerve Glioma,,,,,,PMID:28525381,10.18632/oncotarget.17589,The cell of origin dictates the temporal course of neurofibromatosis-1 (Nf1) low-grade glioma formation.,,intercrossed with Nf1 flox/flox ; Olig2-Cre mice to generate Nf1 flox/mut ; Olig2-Cre (FMOC) mice,0.9,Accept,Experimental Usage
,Nf1flox/flox; Prom1-CreER,C57Bl/6,,Neurofibromatosis type 1,Optic Nerve Glioma,,,,,,PMID:28525381,10.18632/oncotarget.17589,The cell of origin dictates the temporal course of neurofibromatosis-1 (Nf1) low-grade glioma formation.,,Nf1 flox/mut mice were also intercrossed with Nf1 flox/flox ; Prom1-Cre ER mice [ 22 ] to generate Nf1 flox/mut ; Prom1-Cre ER (FMPrC) mice,0.9,Accept,Experimental Usage
,Nf1flox/mut; Prom1-CreER,C57Bl/6,,Neurofibromatosis type 1,Optic Nerve Glioma,,,,,,PMID:28525381,10.18632/oncotarget.17589,The cell of origin dictates the temporal course of neurofibromatosis-1 (Nf1) low-grade glioma formation.,,Nf1 flox/mut mice were also intercrossed with Nf1 flox/flox ; Prom1-Cre ER mice [ 22 ] to generate Nf1 flox/mut ; Prom1-Cre ER (FMPrC) mice,0.9,Accept,Experimental Usage
,PLP-CreERT:: Nf1 f/f ; Cdkn2a f/f,,,Neurofibromatosis type 1,Malignant Peripheral Nerve Sheath Tumor,,,,,,PMID:35789380,10.1158/2159-8290.CD-21-1671,PRC2-Inactivating Mutations in Cancer Enhance Cytotoxic Response to DNMT1-Targeted Therapy via Enhanced Viral Mimicry.,,"Eed f/f mice (67, 68) were bred with PLP-CreERT:: Nf1 f/f ; Cdkn2a f/f mice",0.9,Accept,Experimental Usage
,Periostin-CRE;NF2 fl/fl,,,Neurofibromatosis type 2,,,,,,,PMID:36148553,10.1093/brain/awac342,Inhibition of YAP/TAZ-driven TEAD activity prevents growth of NF2-null schwannoma and meningioma.,,Periostin-CRE mice were provided by S.Conway (Indiana University) and crossed with NF2 fl/fl animals (RIKEN Bioresource Research Centre) to make Periostin-CRE;NF2 fl/fl animals,0.9,Accept,Experimental Usage
,Periostin-CRE;NF2 fl/fl YAP fl/fl,,,Neurofibromatosis type 2,,,,,,,PMID:36148553,10.1093/brain/awac342,Inhibition of YAP/TAZ-driven TEAD activity prevents growth of NF2-null schwannoma and meningioma.,,crossed with YAP fl/fl or TAZ fl/fl mice to generate Periostin-CRE;NF2 fl/fl YAP fl/fl (NF2 fl/fl YAP fl/fl -CRE+),0.9,Accept,Experimental Usage
,Periostin-CRE;NF2 fl/fl TAZ fl/fl,,,Neurofibromatosis type 2,,,,,,,PMID:36148553,10.1093/brain/awac342,Inhibition of YAP/TAZ-driven TEAD activity prevents growth of NF2-null schwannoma and meningioma.,,"Periostin-CRE;NF2 fl/fl TAZ fl/fl (NF2 fl/fl TAZ fl/fl -CRE+) mice, respectively, resulting in additional deletion of YAP or TAZ",0.9,Accept,Experimental Usage
,P0-CRE,,,Neurofibromatosis type 2,,,,,,,PMID:36148553,10.1093/brain/awac342,Inhibition of YAP/TAZ-driven TEAD activity prevents growth of NF2-null schwannoma and meningioma.,,Schwann cell-specific NF2-null mice generated with the P0-CRE line and the sciatic nerve injury model have been described,0.85,Accept,Experimental Usage
,Postn-cre;Nf2f/f,,,Neurofibromatosis type 2,Schwannoma,,,,,,PMID:32438526,10.1002/lary.28671,Effects of Neurod1 Expression on Mouse and Human Schwannoma Cells.,,Postn-cre were crossed with floxed Nf2 gene (Postn-cre;Nf2f/f) as previously described.,0.95,Accept,Experimental Usage
,DhhCre;Nf1f/f;Luciferase,,,Neurofibromatosis type 1,Plexiform Neurofibroma,,,,,,PMID:40723243,10.3390/cancers17142359,The Combination of HSP90 Inhibitors and Selumetinib Reinforces the Inhibitory Effects on Plexiform Neurofibromas.,,pNF tumors were generated in nude mice by transplanting tumor cells harvested from dorsal root ganglia with DhhCre;Nf1f/f;Luciferase configuration,0.85,Accept,Experimental Usage
,NPcis (Stock #008191),B6;129,,Neurofibromatosis type 1,Malignant Peripheral Nerve Sheath Tumor,,,,,,PMID:34647023,10.1093/noajnl/vdab129,A genetic mouse model with postnatal ,,"NPcis (Stock #008191), Nf1 (#017640), fl Trp53 (#008462), fl Plp-CreER (#005975), and T Nestin-Cre (#003771) were obtained from The Jackson Laboratory.",0.9,Accept,Experimental Usage
,Nf1 (#017640),B6;129,,Neurofibromatosis type 1,,,,,,,PMID:34647023,10.1093/noajnl/vdab129,A genetic mouse model with postnatal ,,"NPcis (Stock #008191), Nf1 (#017640), fl Trp53 (#008462), fl Plp-CreER (#005975), and T Nestin-Cre (#003771) were obtained from The Jackson Laboratory.",0.9,Accept,Experimental Usage
,Tg(U6x:nf2a/b-4sgRNA),,,Neurofibromatosis type 2,,,,,,,PMID:39415595,10.1242/dmm.050862,Generation of a zebrafish neurofibromatosis model via inducible knockout of nf2a/b.,,"Transgenic lines used in this study were the ABWT (Zebrafish International Resource Center), Tg(HOTCre:Cas9) (a kind gift from Dr Wenbiao Chen, Vanderbilt University School of Medicine, Nashville, TN, USA), Tg(−7.2kb-sox10:mRFP) and Tg(U6x:nf2a/b-4sgRNA) (generated at the Bronner laboratory, Caltech) lines.",0.95,Accept,Development
,NF1 R1947X minipig,Ossabaw minipig,,Neurofibromatosis type 1,,,,,,,PMID:33978635,10.1093/noajnl/vdab020,Selumetinib normalizes Ras/MAPK signaling in clinically relevant neurofibromatosis type 1 minipig tissues in vivo.,,"To generate a minipig model of NF1, we mimicked a recurrent nonsense mutation p.Arg1947X (R1947X) identified in 62 of 8100 (± 8) unrelated and symptomatic NF1 patients",0.95,Accept,Development
,TetOff-Osx-/-Nf1,,,Neurofibromatosis type 1,pseudoarthrosis,,,,,,PMID:25043591,10.1002/jbmr.2316,Combined MEK inhibition and BMP2 treatment promotes osteoblast differentiation and bone healing in Nf1Osx -/- mice.,,WT and Nf1 mice (herein called TetOff-Osx −/− Nf1 mice) were generated by crossing Osx −/− Nf1 flox/flox mice,0.9,Accept,Experimental Usage
,Osx-/-Nf1flox/flox,,,Neurofibromatosis type 1,,,,,,,PMID:25043591,10.1002/jbmr.2316,Combined MEK inhibition and BMP2 treatment promotes osteoblast differentiation and bone healing in Nf1Osx -/- mice.,,"generated by crossing Osx −/− Nf1 flox/flox mice ( 11 ) and Osx -tTA, tetO -cre; Nf1 flox/flox mice",0.85,Accept,Experimental Usage
,"Osx-tTA,tetO-cre;Nf1flox/flox",,,Neurofibromatosis type 1,,,,,,,PMID:25043591,10.1002/jbmr.2316,Combined MEK inhibition and BMP2 treatment promotes osteoblast differentiation and bone healing in Nf1Osx -/- mice.,,"crossing Osx −/− Nf1 flox/flox mice ( 11 ) and Osx -tTA, tetO -cre; Nf1 flox/flox mice ( 12 )",0.85,Accept,Experimental Usage
,Nf2 mice,FVB,,Neurofibromatosis type 2,,,,,,,PMID:24371224,10.1158/0008-5472.CAN-13-2062,Tumor suppressor alterations cooperate to drive aggressive mesotheliomas with enriched cancer stem cells via a p53-miR-34a-c-Met axis.,,p16/p19+/− mice were crossed to Nf2 mice to obtain all of the genotypes used herein. All mice were in a comparable FVB genetic background,0.85,Accept,Experimental Usage
,hGFAP-cre,"C57Bl6, 129Svj and FVB",,Neurofibromatosis type 1,,,,,,,PMID:25535838,10.7554/eLife.05151,Transient inhibition of the ERK pathway prevents cerebellar developmental defects and improves long-term motor functions in murine models of neurofibromatosis type 1.,,"Three independent Cre transgenic strains under the control of hGFAP, Math1 and L7 promoters were utilized to target an Nf1 mutation into different cell lineages",0.9,Accept,Experimental Usage
,Math1-cre,"C57Bl6, 129Svj and FVB",,Neurofibromatosis type 1,,,,,,,PMID:25535838,10.7554/eLife.05151,Transient inhibition of the ERK pathway prevents cerebellar developmental defects and improves long-term motor functions in murine models of neurofibromatosis type 1.,,"Three independent Cre transgenic strains under the control of hGFAP, Math1 and L7 promoters were utilized to target an Nf1 mutation into different cell lineages",0.9,Accept,Experimental Usage
,L7-cre,"C57Bl6, 129Svj and FVB",,Neurofibromatosis type 1,,,,,,,PMID:25535838,10.7554/eLife.05151,Transient inhibition of the ERK pathway prevents cerebellar developmental defects and improves long-term motor functions in murine models of neurofibromatosis type 1.,,"Three independent Cre transgenic strains under the control of hGFAP, Math1 and L7 promoters were utilized to target an Nf1 mutation into different cell lineages",0.9,Accept,Experimental Usage
,Nestin-creER,,,Neurofibromatosis type 1,,,,,,,PMID:25535838,10.7554/eLife.05151,Transient inhibition of the ERK pathway prevents cerebellar developmental defects and improves long-term motor functions in murine models of neurofibromatosis type 1.,,Tamoxifen inducible strain Nf1 NcreER CKO is described in later sections along with the tamoxifen administration protocol,0.9,Accept,Experimental Usage
,Nf1-Arf flox/flox ;Postn-Cre,,,Neurofibromatosis type 1,,,,,,,PMID:33658640,10.1038/s41416-021-01270-8,Exploring transcriptional regulators Ref-1 and STAT3 as therapeutic targets in malignant peripheral nerve sheath tumours.,,"Tissue processing for wild-type (wt), Nf1 flox/flox- ;Postn-Cre and Nf1-Arf flox/flox ;Postn-Cre mouse tissues",0.9,Accept,Experimental Usage
